Year,ID,Num_Vehicles,Type,Fuel,Distance_bucket,Distance_per_vehicle(km),Purchase_Year
2023,BEV_S1_2023,1,Buy,Electricity,D1,0.0,2023
2023,BEV_S1_2023,9,Buy,Electricity,D1,0.0,2023
2033,BEV_S1_2023,1,Sell,,,0.0,2023
2023,BEV_S1_2023,9,Use,Electricity,D1,96575.66666666667,2023
2023,Diesel_S1_2023,1,Buy,Electricity,D1,0.0,2023
2023,Diesel_S1_2023,9,Buy,B20,D1,0.0,2023
2033,Diesel_S1_2023,1,Sell,,,0.0,2023
2023,Diesel_S1_2023,9,Use,B20,D1,96575.66666666667,2023
2023,LNG_S1_2023,1,Buy,Electricity,D1,0.0,2023
2023,LNG_S1_2023,9,Buy,LNG,D1,0.0,2023
2033,LNG_S1_2023,1,Sell,,,0.0,2023
2023,LNG_S1_2023,9,Use,LNG,D1,96575.66666666667,2023
2023,Diesel_S1_2023,26,Buy,B20,D2,0.0,2023
2033,Diesel_S1_2023,1,Sell,,,0.0,2023
2023,Diesel_S1_2023,26,Use,B20,D2,99888.23076923077,2023
2023,LNG_S1_2023,26,Buy,LNG,D2,0.0,2023
2033,LNG_S1_2023,1,Sell,,,0.0,2023
2023,LNG_S1_2023,26,Use,LNG,D2,99888.23076923077,2023
2023,Diesel_S1_2023,33,Buy,B20,D3,0.0,2023
2033,Diesel_S1_2023,1,Sell,,,0.0,2023
2023,Diesel_S1_2023,33,Use,B20,D3,99757.90909090909,2023
2023,LNG_S1_2023,33,Buy,LNG,D3,0.0,2023
2033,LNG_S1_2023,1,Sell,,,0.0,2023
2023,LNG_S1_2023,33,Use,LNG,D3,99757.90909090909,2023
2023,Diesel_S1_2023,5,Buy,B20,D4,0.0,2023
2033,Diesel_S1_2023,1,Sell,,,0.0,2023
2023,Diesel_S1_2023,5,Use,B20,D4,82863.0,2023
2023,LNG_S1_2023,5,Buy,LNG,D4,0.0,2023
2033,LNG_S1_2023,1,Sell,,,0.0,2023
2023,LNG_S1_2023,5,Use,LNG,D4,82863.0,2023
2023,BEV_S2_2023,1,Buy,Electricity,D1,0.0,2023
2023,BEV_S2_2023,10,Buy,Electricity,D1,0.0,2023
2033,BEV_S2_2023,1,Sell,,,0.0,2023
2023,BEV_S2_2023,10,Use,Electricity,D1,99569.4,2023
2023,Diesel_S2_2023,1,Buy,Electricity,D1,0.0,2023
2023,Diesel_S2_2023,10,Buy,B20,D1,0.0,2023
2033,Diesel_S2_2023,1,Sell,,,0.0,2023
2023,Diesel_S2_2023,10,Use,B20,D1,99569.4,2023
2023,LNG_S2_2023,1,Buy,Electricity,D1,0.0,2023
2023,LNG_S2_2023,10,Buy,LNG,D1,0.0,2023
2033,LNG_S2_2023,1,Sell,,,0.0,2023
2023,LNG_S2_2023,10,Use,LNG,D1,99569.4,2023
2023,Diesel_S2_2023,14,Buy,B20,D2,0.0,2023
2033,Diesel_S2_2023,1,Sell,,,0.0,2023
2023,Diesel_S2_2023,14,Use,B20,D2,98799.71428571429,2023
2023,LNG_S2_2023,14,Buy,LNG,D2,0.0,2023
2033,LNG_S2_2023,1,Sell,,,0.0,2023
2023,LNG_S2_2023,14,Use,LNG,D2,98799.71428571429,2023
2023,Diesel_S2_2023,8,Buy,B20,D3,0.0,2023
2033,Diesel_S2_2023,1,Sell,,,0.0,2023
2023,Diesel_S2_2023,8,Use,B20,D3,97251.0,2023
2023,LNG_S2_2023,8,Buy,LNG,D3,0.0,2023
2033,LNG_S2_2023,1,Sell,,,0.0,2023
2023,LNG_S2_2023,8,Use,LNG,D3,97251.0,2023
2023,Diesel_S2_2023,2,Buy,B20,D4,0.0,2023
2033,Diesel_S2_2023,1,Sell,,,0.0,2023
2023,Diesel_S2_2023,2,Use,B20,D4,66838.5,2023
2023,LNG_S2_2023,2,Buy,LNG,D4,0.0,2023
2033,LNG_S2_2023,1,Sell,,,0.0,2023
2023,LNG_S2_2023,2,Use,LNG,D4,66838.5,2023
2023,BEV_S3_2023,1,Buy,Electricity,D1,0.0,2023
2023,BEV_S3_2023,30,Buy,Electricity,D1,0.0,2023
2033,BEV_S3_2023,1,Sell,,,0.0,2023
2023,BEV_S3_2023,30,Use,Electricity,D1,72782.5,2023
2023,Diesel_S3_2023,1,Buy,Electricity,D1,0.0,2023
2023,Diesel_S3_2023,30,Buy,B20,D1,0.0,2023
2033,Diesel_S3_2023,1,Sell,,,0.0,2023
2023,Diesel_S3_2023,30,Use,B20,D1,72782.5,2023
2023,LNG_S3_2023,1,Buy,Electricity,D1,0.0,2023
2023,LNG_S3_2023,30,Buy,LNG,D1,0.0,2023
2033,LNG_S3_2023,1,Sell,,,0.0,2023
2023,LNG_S3_2023,30,Use,LNG,D1,72782.5,2023
2023,Diesel_S3_2023,34,Buy,B20,D2,0.0,2023
2033,Diesel_S3_2023,1,Sell,,,0.0,2023
2023,Diesel_S3_2023,34,Use,B20,D2,71526.5,2023
2023,LNG_S3_2023,34,Buy,LNG,D2,0.0,2023
2033,LNG_S3_2023,1,Sell,,,0.0,2023
2023,LNG_S3_2023,34,Use,LNG,D2,71526.5,2023
2023,Diesel_S3_2023,14,Buy,B20,D3,0.0,2023
2033,Diesel_S3_2023,1,Sell,,,0.0,2023
2023,Diesel_S3_2023,14,Use,B20,D3,71604.71428571429,2023
2023,LNG_S3_2023,14,Buy,LNG,D3,0.0,2023
2033,LNG_S3_2023,1,Sell,,,0.0,2023
2023,LNG_S3_2023,14,Use,LNG,D3,71604.71428571429,2023
2023,Diesel_S3_2023,3,Buy,B20,D4,0.0,2023
2033,Diesel_S3_2023,1,Sell,,,0.0,2023
2023,Diesel_S3_2023,3,Use,B20,D4,68475.33333333333,2023
2023,LNG_S3_2023,3,Buy,LNG,D4,0.0,2023
2033,LNG_S3_2023,1,Sell,,,0.0,2023
2023,LNG_S3_2023,3,Use,LNG,D4,68475.33333333333,2023
2023,BEV_S4_2023,1,Buy,Electricity,D1,0.0,2023
2023,BEV_S4_2023,1,Buy,Electricity,D1,0.0,2023
2033,BEV_S4_2023,1,Sell,,,0.0,2023
2023,BEV_S4_2023,1,Use,Electricity,D1,14576.0,2023
2023,Diesel_S4_2023,1,Buy,Electricity,D1,0.0,2023
2023,Diesel_S4_2023,1,Buy,B20,D1,0.0,2023
2033,Diesel_S4_2023,1,Sell,,,0.0,2023
2023,Diesel_S4_2023,1,Use,B20,D1,14576.0,2023
2023,LNG_S4_2023,1,Buy,Electricity,D1,0.0,2023
2023,LNG_S4_2023,1,Buy,LNG,D1,0.0,2023
2033,LNG_S4_2023,1,Sell,,,0.0,2023
2023,LNG_S4_2023,1,Use,LNG,D1,14576.0,2023
2023,Diesel_S4_2023,7,Buy,B20,D2,0.0,2023
2033,Diesel_S4_2023,1,Sell,,,0.0,2023
2023,Diesel_S4_2023,7,Use,B20,D2,107816.71428571429,2023
2023,LNG_S4_2023,7,Buy,LNG,D2,0.0,2023
2033,LNG_S4_2023,1,Sell,,,0.0,2023
2023,LNG_S4_2023,7,Use,LNG,D2,107816.71428571429,2023
2023,Diesel_S4_2023,2,Buy,B20,D3,0.0,2023
2033,Diesel_S4_2023,1,Sell,,,0.0,2023
2023,Diesel_S4_2023,2,Use,B20,D3,59449.5,2023
2023,LNG_S4_2023,2,Buy,LNG,D3,0.0,2023
2033,LNG_S4_2023,1,Sell,,,0.0,2023
2023,LNG_S4_2023,2,Use,LNG,D3,59449.5,2023
2023,Diesel_S4_2023,1,Buy,B20,D4,0.0,2023
2033,Diesel_S4_2023,1,Sell,,,0.0,2023
2023,Diesel_S4_2023,1,Use,B20,D4,1809.0,2023
2023,LNG_S4_2023,1,Buy,LNG,D4,0.0,2023
2033,LNG_S4_2023,1,Sell,,,0.0,2023
2023,LNG_S4_2023,1,Use,LNG,D4,1809.0,2023
2024,BEV_S1_2024,1,Buy,Electricity,D1,0.0,2024
2024,BEV_S1_2024,9,Buy,Electricity,D1,0.0,2024
2034,BEV_S1_2024,1,Sell,,,0.0,2024
2024,BEV_S1_2024,9,Use,Electricity,D1,97471.33333333333,2024
2024,Diesel_S1_2024,1,Buy,Electricity,D1,0.0,2024
2024,Diesel_S1_2024,9,Buy,B20,D1,0.0,2024
2034,Diesel_S1_2024,1,Sell,,,0.0,2024
2024,Diesel_S1_2024,9,Use,B20,D1,97471.33333333333,2024
2024,LNG_S1_2024,1,Buy,Electricity,D1,0.0,2024
2024,LNG_S1_2024,9,Buy,LNG,D1,0.0,2024
2034,LNG_S1_2024,1,Sell,,,0.0,2024
2024,LNG_S1_2024,9,Use,LNG,D1,97471.33333333333,2024
2024,Diesel_S1_2024,27,Buy,B20,D2,0.0,2024
2034,Diesel_S1_2024,1,Sell,,,0.0,2024
2024,Diesel_S1_2024,27,Use,B20,D2,100599.81481481482,2024
2024,LNG_S1_2024,27,Buy,LNG,D2,0.0,2024
2034,LNG_S1_2024,1,Sell,,,0.0,2024
2024,LNG_S1_2024,27,Use,LNG,D2,100599.81481481482,2024
2024,Diesel_S1_2024,33,Buy,B20,D3,0.0,2024
2034,Diesel_S1_2024,1,Sell,,,0.0,2024
2024,Diesel_S1_2024,33,Use,B20,D3,101109.21212121213,2024
2024,LNG_S1_2024,33,Buy,LNG,D3,0.0,2024
2034,LNG_S1_2024,1,Sell,,,0.0,2024
2024,LNG_S1_2024,33,Use,LNG,D3,101109.21212121213,2024
2024,Diesel_S1_2024,5,Buy,B20,D4,0.0,2024
2034,Diesel_S1_2024,1,Sell,,,0.0,2024
2024,Diesel_S1_2024,5,Use,B20,D4,83996.2,2024
2024,LNG_S1_2024,5,Buy,LNG,D4,0.0,2024
2034,LNG_S1_2024,1,Sell,,,0.0,2024
2024,LNG_S1_2024,5,Use,LNG,D4,83996.2,2024
2024,BEV_S2_2024,1,Buy,Electricity,D1,0.0,2024
2024,BEV_S2_2024,10,Buy,Electricity,D1,0.0,2024
2034,BEV_S2_2024,1,Sell,,,0.0,2024
2024,BEV_S2_2024,10,Use,Electricity,D1,104320.9,2024
2024,Diesel_S2_2024,1,Buy,Electricity,D1,0.0,2024
2024,Diesel_S2_2024,10,Buy,B20,D1,0.0,2024
2034,Diesel_S2_2024,1,Sell,,,0.0,2024
2024,Diesel_S2_2024,10,Use,B20,D1,104320.9,2024
2024,LNG_S2_2024,1,Buy,Electricity,D1,0.0,2024
2024,LNG_S2_2024,10,Buy,LNG,D1,0.0,2024
2034,LNG_S2_2024,1,Sell,,,0.0,2024
2024,LNG_S2_2024,10,Use,LNG,D1,104320.9,2024
2024,Diesel_S2_2024,14,Buy,B20,D2,0.0,2024
2034,Diesel_S2_2024,1,Sell,,,0.0,2024
2024,Diesel_S2_2024,14,Use,B20,D2,99427.64285714286,2024
2024,LNG_S2_2024,14,Buy,LNG,D2,0.0,2024
2034,LNG_S2_2024,1,Sell,,,0.0,2024
2024,LNG_S2_2024,14,Use,LNG,D2,99427.64285714286,2024
2024,Diesel_S2_2024,8,Buy,B20,D3,0.0,2024
2034,Diesel_S2_2024,1,Sell,,,0.0,2024
2024,Diesel_S2_2024,8,Use,B20,D3,100884.5,2024
2024,LNG_S2_2024,8,Buy,LNG,D3,0.0,2024
2034,LNG_S2_2024,1,Sell,,,0.0,2024
2024,LNG_S2_2024,8,Use,LNG,D3,100884.5,2024
2024,Diesel_S2_2024,2,Buy,B20,D4,0.0,2024
2034,Diesel_S2_2024,1,Sell,,,0.0,2024
2024,Diesel_S2_2024,2,Use,B20,D4,66856.0,2024
2024,LNG_S2_2024,2,Buy,LNG,D4,0.0,2024
2034,LNG_S2_2024,1,Sell,,,0.0,2024
2024,LNG_S2_2024,2,Use,LNG,D4,66856.0,2024
2024,BEV_S3_2024,1,Buy,Electricity,D1,0.0,2024
2024,BEV_S3_2024,31,Buy,Electricity,D1,0.0,2024
2034,BEV_S3_2024,1,Sell,,,0.0,2024
2024,BEV_S3_2024,31,Use,Electricity,D1,72240.0,2024
2024,Diesel_S3_2024,1,Buy,Electricity,D1,0.0,2024
2024,Diesel_S3_2024,31,Buy,B20,D1,0.0,2024
2034,Diesel_S3_2024,1,Sell,,,0.0,2024
2024,Diesel_S3_2024,31,Use,B20,D1,72240.0,2024
2024,LNG_S3_2024,1,Buy,Electricity,D1,0.0,2024
2024,LNG_S3_2024,31,Buy,LNG,D1,0.0,2024
2034,LNG_S3_2024,1,Sell,,,0.0,2024
2024,LNG_S3_2024,31,Use,LNG,D1,72240.0,2024
2024,Diesel_S3_2024,34,Buy,B20,D2,0.0,2024
2034,Diesel_S3_2024,1,Sell,,,0.0,2024
2024,Diesel_S3_2024,34,Use,B20,D2,72161.67647058824,2024
2024,LNG_S3_2024,34,Buy,LNG,D2,0.0,2024
2034,LNG_S3_2024,1,Sell,,,0.0,2024
2024,LNG_S3_2024,34,Use,LNG,D2,72161.67647058824,2024
2024,Diesel_S3_2024,15,Buy,B20,D3,0.0,2024
2034,Diesel_S3_2024,1,Sell,,,0.0,2024
2024,Diesel_S3_2024,15,Use,B20,D3,68625.0,2024
2024,LNG_S3_2024,15,Buy,LNG,D3,0.0,2024
2034,LNG_S3_2024,1,Sell,,,0.0,2024
2024,LNG_S3_2024,15,Use,LNG,D3,68625.0,2024
2024,Diesel_S3_2024,3,Buy,B20,D4,0.0,2024
2034,Diesel_S3_2024,1,Sell,,,0.0,2024
2024,Diesel_S3_2024,3,Use,B20,D4,69480.0,2024
2024,LNG_S3_2024,3,Buy,LNG,D4,0.0,2024
2034,LNG_S3_2024,1,Sell,,,0.0,2024
2024,LNG_S3_2024,3,Use,LNG,D4,69480.0,2024
2024,BEV_S4_2024,1,Buy,Electricity,D1,0.0,2024
2024,BEV_S4_2024,1,Buy,Electricity,D1,0.0,2024
2034,BEV_S4_2024,1,Sell,,,0.0,2024
2024,BEV_S4_2024,1,Use,Electricity,D1,15200.0,2024
2024,Diesel_S4_2024,1,Buy,Electricity,D1,0.0,2024
2024,Diesel_S4_2024,1,Buy,B20,D1,0.0,2024
2034,Diesel_S4_2024,1,Sell,,,0.0,2024
2024,Diesel_S4_2024,1,Use,B20,D1,15200.0,2024
2024,LNG_S4_2024,1,Buy,Electricity,D1,0.0,2024
2024,LNG_S4_2024,1,Buy,LNG,D1,0.0,2024
2034,LNG_S4_2024,1,Sell,,,0.0,2024
2024,LNG_S4_2024,1,Use,LNG,D1,15200.0,2024
2024,Diesel_S4_2024,7,Buy,B20,D2,0.0,2024
2034,Diesel_S4_2024,1,Sell,,,0.0,2024
2024,Diesel_S4_2024,7,Use,B20,D2,111568.42857142857,2024
2024,LNG_S4_2024,7,Buy,LNG,D2,0.0,2024
2034,LNG_S4_2024,1,Sell,,,0.0,2024
2024,LNG_S4_2024,7,Use,LNG,D2,111568.42857142857,2024
2024,Diesel_S4_2024,2,Buy,B20,D3,0.0,2024
2034,Diesel_S4_2024,1,Sell,,,0.0,2024
2024,Diesel_S4_2024,2,Use,B20,D3,61093.0,2024
2024,LNG_S4_2024,2,Buy,LNG,D3,0.0,2024
2034,LNG_S4_2024,1,Sell,,,0.0,2024
2024,LNG_S4_2024,2,Use,LNG,D3,61093.0,2024
2024,Diesel_S4_2024,1,Buy,B20,D4,0.0,2024
2034,Diesel_S4_2024,1,Sell,,,0.0,2024
2024,Diesel_S4_2024,1,Use,B20,D4,1893.0,2024
2024,LNG_S4_2024,1,Buy,LNG,D4,0.0,2024
2034,LNG_S4_2024,1,Sell,,,0.0,2024
2024,LNG_S4_2024,1,Use,LNG,D4,1893.0,2024
2025,BEV_S1_2025,1,Buy,Electricity,D1,0.0,2025
2025,BEV_S1_2025,9,Buy,Electricity,D1,0.0,2025
2035,BEV_S1_2025,1,Sell,,,0.0,2025
2025,BEV_S1_2025,9,Use,Electricity,D1,97523.0,2025
2025,Diesel_S1_2025,1,Buy,Electricity,D1,0.0,2025
2025,Diesel_S1_2025,9,Buy,B20,D1,0.0,2025
2035,Diesel_S1_2025,1,Sell,,,0.0,2025
2025,Diesel_S1_2025,9,Use,B20,D1,97523.0,2025
2025,LNG_S1_2025,1,Buy,Electricity,D1,0.0,2025
2025,LNG_S1_2025,9,Buy,LNG,D1,0.0,2025
2035,LNG_S1_2025,1,Sell,,,0.0,2025
2025,LNG_S1_2025,9,Use,LNG,D1,97523.0,2025
2025,Diesel_S1_2025,28,Buy,B20,D2,0.0,2025
2035,Diesel_S1_2025,1,Sell,,,0.0,2025
2025,Diesel_S1_2025,28,Use,B20,D2,101293.67857142857,2025
2025,LNG_S1_2025,28,Buy,LNG,D2,0.0,2025
2035,LNG_S1_2025,1,Sell,,,0.0,2025
2025,LNG_S1_2025,28,Use,LNG,D2,101293.67857142857,2025
2025,Diesel_S1_2025,34,Buy,B20,D3,0.0,2025
2035,Diesel_S1_2025,1,Sell,,,0.0,2025
2025,Diesel_S1_2025,34,Use,B20,D3,101356.26470588235,2025
2025,LNG_S1_2025,34,Buy,LNG,D3,0.0,2025
2035,LNG_S1_2025,1,Sell,,,0.0,2025
2025,LNG_S1_2025,34,Use,LNG,D3,101356.26470588235,2025
2025,Diesel_S1_2025,5,Buy,B20,D4,0.0,2025
2035,Diesel_S1_2025,1,Sell,,,0.0,2025
2025,Diesel_S1_2025,5,Use,B20,D4,87953.4,2025
2025,LNG_S1_2025,5,Buy,LNG,D4,0.0,2025
2035,LNG_S1_2025,1,Sell,,,0.0,2025
2025,LNG_S1_2025,5,Use,LNG,D4,87953.4,2025
2025,BEV_S2_2025,1,Buy,Electricity,D1,0.0,2025
2025,BEV_S2_2025,11,Buy,Electricity,D1,0.0,2025
2035,BEV_S2_2025,1,Sell,,,0.0,2025
2025,BEV_S2_2025,11,Use,Electricity,D1,98369.54545454546,2025
2025,Diesel_S2_2025,1,Buy,Electricity,D1,0.0,2025
2025,Diesel_S2_2025,11,Buy,B20,D1,0.0,2025
2035,Diesel_S2_2025,1,Sell,,,0.0,2025
2025,Diesel_S2_2025,11,Use,B20,D1,98369.54545454546,2025
2025,LNG_S2_2025,1,Buy,Electricity,D1,0.0,2025
2025,LNG_S2_2025,11,Buy,LNG,D1,0.0,2025
2035,LNG_S2_2025,1,Sell,,,0.0,2025
2025,LNG_S2_2025,11,Use,LNG,D1,98369.54545454546,2025
2025,Diesel_S2_2025,14,Buy,B20,D2,0.0,2025
2035,Diesel_S2_2025,1,Sell,,,0.0,2025
2025,Diesel_S2_2025,14,Use,B20,D2,100756.0,2025
2025,LNG_S2_2025,14,Buy,LNG,D2,0.0,2025
2035,LNG_S2_2025,1,Sell,,,0.0,2025
2025,LNG_S2_2025,14,Use,LNG,D2,100756.0,2025
2025,Diesel_S2_2025,8,Buy,B20,D3,0.0,2025
2035,Diesel_S2_2025,1,Sell,,,0.0,2025
2025,Diesel_S2_2025,8,Use,B20,D3,102709.75,2025
2025,LNG_S2_2025,8,Buy,LNG,D3,0.0,2025
2035,LNG_S2_2025,1,Sell,,,0.0,2025
2025,LNG_S2_2025,8,Use,LNG,D3,102709.75,2025
2025,Diesel_S2_2025,2,Buy,B20,D4,0.0,2025
2035,Diesel_S2_2025,1,Sell,,,0.0,2025
2025,Diesel_S2_2025,2,Use,B20,D4,68615.5,2025
2025,LNG_S2_2025,2,Buy,LNG,D4,0.0,2025
2035,LNG_S2_2025,1,Sell,,,0.0,2025
2025,LNG_S2_2025,2,Use,LNG,D4,68615.5,2025
2025,BEV_S3_2025,1,Buy,Electricity,D1,0.0,2025
2025,BEV_S3_2025,31,Buy,Electricity,D1,0.0,2025
2035,BEV_S3_2025,1,Sell,,,0.0,2025
2025,BEV_S3_2025,31,Use,Electricity,D1,72746.32258064517,2025
2025,Diesel_S3_2025,1,Buy,Electricity,D1,0.0,2025
2025,Diesel_S3_2025,31,Buy,B20,D1,0.0,2025
2035,Diesel_S3_2025,1,Sell,,,0.0,2025
2025,Diesel_S3_2025,31,Use,B20,D1,72746.32258064517,2025
2025,LNG_S3_2025,1,Buy,Electricity,D1,0.0,2025
2025,LNG_S3_2025,31,Buy,LNG,D1,0.0,2025
2035,LNG_S3_2025,1,Sell,,,0.0,2025
2025,LNG_S3_2025,31,Use,LNG,D1,72746.32258064517,2025
2025,Diesel_S3_2025,35,Buy,B20,D2,0.0,2025
2035,Diesel_S3_2025,1,Sell,,,0.0,2025
2025,Diesel_S3_2025,35,Use,B20,D2,71463.62857142858,2025
2025,LNG_S3_2025,35,Buy,LNG,D2,0.0,2025
2035,LNG_S3_2025,1,Sell,,,0.0,2025
2025,LNG_S3_2025,35,Use,LNG,D2,71463.62857142858,2025
2025,Diesel_S3_2025,15,Buy,B20,D3,0.0,2025
2035,Diesel_S3_2025,1,Sell,,,0.0,2025
2025,Diesel_S3_2025,15,Use,B20,D3,70244.13333333333,2025
2025,LNG_S3_2025,15,Buy,LNG,D3,0.0,2025
2035,LNG_S3_2025,1,Sell,,,0.0,2025
2025,LNG_S3_2025,15,Use,LNG,D3,70244.13333333333,2025
2025,Diesel_S3_2025,3,Buy,B20,D4,0.0,2025
2035,Diesel_S3_2025,1,Sell,,,0.0,2025
2025,Diesel_S3_2025,3,Use,B20,D4,72845.66666666667,2025
2025,LNG_S3_2025,3,Buy,LNG,D4,0.0,2025
2035,LNG_S3_2025,1,Sell,,,0.0,2025
2025,LNG_S3_2025,3,Use,LNG,D4,72845.66666666667,2025
2025,BEV_S4_2025,1,Buy,Electricity,D1,0.0,2025
2025,BEV_S4_2025,1,Buy,Electricity,D1,0.0,2025
2035,BEV_S4_2025,1,Sell,,,0.0,2025
2025,BEV_S4_2025,1,Use,Electricity,D1,15615.0,2025
2025,Diesel_S4_2025,1,Buy,Electricity,D1,0.0,2025
2025,Diesel_S4_2025,1,Buy,B20,D1,0.0,2025
2035,Diesel_S4_2025,1,Sell,,,0.0,2025
2025,Diesel_S4_2025,1,Use,B20,D1,15615.0,2025
2025,LNG_S4_2025,1,Buy,Electricity,D1,0.0,2025
2025,LNG_S4_2025,1,Buy,LNG,D1,0.0,2025
2035,LNG_S4_2025,1,Sell,,,0.0,2025
2025,LNG_S4_2025,1,Use,LNG,D1,15615.0,2025
2025,Diesel_S4_2025,7,Buy,B20,D2,0.0,2025
2035,Diesel_S4_2025,1,Sell,,,0.0,2025
2025,Diesel_S4_2025,7,Use,B20,D2,113011.28571428571,2025
2025,LNG_S4_2025,7,Buy,LNG,D2,0.0,2025
2035,LNG_S4_2025,1,Sell,,,0.0,2025
2025,LNG_S4_2025,7,Use,LNG,D2,113011.28571428571,2025
2025,Diesel_S4_2025,2,Buy,B20,D3,0.0,2025
2035,Diesel_S4_2025,1,Sell,,,0.0,2025
2025,Diesel_S4_2025,2,Use,B20,D3,61626.0,2025
2025,LNG_S4_2025,2,Buy,LNG,D3,0.0,2025
2035,LNG_S4_2025,1,Sell,,,0.0,2025
2025,LNG_S4_2025,2,Use,LNG,D3,61626.0,2025
2025,Diesel_S4_2025,1,Buy,B20,D4,0.0,2025
2035,Diesel_S4_2025,1,Sell,,,0.0,2025
2025,Diesel_S4_2025,1,Use,B20,D4,1927.0,2025
2025,LNG_S4_2025,1,Buy,LNG,D4,0.0,2025
2035,LNG_S4_2025,1,Sell,,,0.0,2025
2025,LNG_S4_2025,1,Use,LNG,D4,1927.0,2025
2026,BEV_S1_2026,1,Buy,Electricity,D1,0.0,2026
2026,BEV_S1_2026,9,Buy,Electricity,D1,0.0,2026
2036,BEV_S1_2026,1,Sell,,,0.0,2026
2026,BEV_S1_2026,9,Use,Electricity,D1,98232.77777777778,2026
2026,Diesel_S1_2026,1,Buy,Electricity,D1,0.0,2026
2026,Diesel_S1_2026,9,Buy,B20,D1,0.0,2026
2036,Diesel_S1_2026,1,Sell,,,0.0,2026
2026,Diesel_S1_2026,9,Use,B20,D1,98232.77777777778,2026
2026,LNG_S1_2026,1,Buy,Electricity,D1,0.0,2026
2026,LNG_S1_2026,9,Buy,LNG,D1,0.0,2026
2036,LNG_S1_2026,1,Sell,,,0.0,2026
2026,LNG_S1_2026,9,Use,LNG,D1,98232.77777777778,2026
2026,BEV_S1_2026,29,Buy,Electricity,D2,0.0,2026
2036,BEV_S1_2026,1,Sell,,,0.0,2026
2026,BEV_S1_2026,29,Use,Electricity,D2,100315.5172413793,2026
2026,Diesel_S1_2026,29,Buy,B20,D2,0.0,2026
2036,Diesel_S1_2026,1,Sell,,,0.0,2026
2026,Diesel_S1_2026,29,Use,B20,D2,100315.5172413793,2026
2026,LNG_S1_2026,29,Buy,LNG,D2,0.0,2026
2036,LNG_S1_2026,1,Sell,,,0.0,2026
2026,LNG_S1_2026,29,Use,LNG,D2,100315.5172413793,2026
2026,Diesel_S1_2026,35,Buy,B20,D3,0.0,2026
2036,Diesel_S1_2026,1,Sell,,,0.0,2026
2026,Diesel_S1_2026,35,Use,B20,D3,101058.0,2026
2026,LNG_S1_2026,35,Buy,LNG,D3,0.0,2026
2036,LNG_S1_2026,1,Sell,,,0.0,2026
2026,LNG_S1_2026,35,Use,LNG,D3,101058.0,2026
2026,Diesel_S1_2026,5,Buy,B20,D4,0.0,2026
2036,Diesel_S1_2026,1,Sell,,,0.0,2026
2026,Diesel_S1_2026,5,Use,B20,D4,89295.6,2026
2026,LNG_S1_2026,5,Buy,LNG,D4,0.0,2026
2036,LNG_S1_2026,1,Sell,,,0.0,2026
2026,LNG_S1_2026,5,Use,LNG,D4,89295.6,2026
2026,BEV_S2_2026,1,Buy,Electricity,D1,0.0,2026
2026,BEV_S2_2026,11,Buy,Electricity,D1,0.0,2026
2036,BEV_S2_2026,1,Sell,,,0.0,2026
2026,BEV_S2_2026,11,Use,Electricity,D1,99154.81818181818,2026
2026,Diesel_S2_2026,1,Buy,Electricity,D1,0.0,2026
2026,Diesel_S2_2026,11,Buy,B20,D1,0.0,2026
2036,Diesel_S2_2026,1,Sell,,,0.0,2026
2026,Diesel_S2_2026,11,Use,B20,D1,99154.81818181818,2026
2026,LNG_S2_2026,1,Buy,Electricity,D1,0.0,2026
2026,LNG_S2_2026,11,Buy,LNG,D1,0.0,2026
2036,LNG_S2_2026,1,Sell,,,0.0,2026
2026,LNG_S2_2026,11,Use,LNG,D1,99154.81818181818,2026
2026,BEV_S2_2026,14,Buy,Electricity,D2,0.0,2026
2036,BEV_S2_2026,1,Sell,,,0.0,2026
2026,BEV_S2_2026,14,Use,Electricity,D2,103763.07142857143,2026
2026,Diesel_S2_2026,14,Buy,B20,D2,0.0,2026
2036,Diesel_S2_2026,1,Sell,,,0.0,2026
2026,Diesel_S2_2026,14,Use,B20,D2,103763.07142857143,2026
2026,LNG_S2_2026,14,Buy,LNG,D2,0.0,2026
2036,LNG_S2_2026,1,Sell,,,0.0,2026
2026,LNG_S2_2026,14,Use,LNG,D2,103763.07142857143,2026
2026,Diesel_S2_2026,8,Buy,B20,D3,0.0,2026
2036,Diesel_S2_2026,1,Sell,,,0.0,2026
2026,Diesel_S2_2026,8,Use,B20,D3,103242.375,2026
2026,LNG_S2_2026,8,Buy,LNG,D3,0.0,2026
2036,LNG_S2_2026,1,Sell,,,0.0,2026
2026,LNG_S2_2026,8,Use,LNG,D3,103242.375,2026
2026,Diesel_S2_2026,2,Buy,B20,D4,0.0,2026
2036,Diesel_S2_2026,1,Sell,,,0.0,2026
2026,Diesel_S2_2026,2,Use,B20,D4,70564.0,2026
2026,LNG_S2_2026,2,Buy,LNG,D4,0.0,2026
2036,LNG_S2_2026,1,Sell,,,0.0,2026
2026,LNG_S2_2026,2,Use,LNG,D4,70564.0,2026
2026,BEV_S3_2026,1,Buy,Electricity,D1,0.0,2026
2026,BEV_S3_2026,32,Buy,Electricity,D1,0.0,2026
2036,BEV_S3_2026,1,Sell,,,0.0,2026
2026,BEV_S3_2026,32,Use,Electricity,D1,72805.40625,2026
2026,Diesel_S3_2026,1,Buy,Electricity,D1,0.0,2026
2026,Diesel_S3_2026,32,Buy,B20,D1,0.0,2026
2036,Diesel_S3_2026,1,Sell,,,0.0,2026
2026,Diesel_S3_2026,32,Use,B20,D1,72805.40625,2026
2026,LNG_S3_2026,1,Buy,Electricity,D1,0.0,2026
2026,LNG_S3_2026,32,Buy,LNG,D1,0.0,2026
2036,LNG_S3_2026,1,Sell,,,0.0,2026
2026,LNG_S3_2026,32,Use,LNG,D1,72805.40625,2026
2026,BEV_S3_2026,35,Buy,Electricity,D2,0.0,2026
2036,BEV_S3_2026,1,Sell,,,0.0,2026
2026,BEV_S3_2026,35,Use,Electricity,D2,72139.8,2026
2026,Diesel_S3_2026,35,Buy,B20,D2,0.0,2026
2036,Diesel_S3_2026,1,Sell,,,0.0,2026
2026,Diesel_S3_2026,35,Use,B20,D2,72139.8,2026
2026,LNG_S3_2026,35,Buy,LNG,D2,0.0,2026
2036,LNG_S3_2026,1,Sell,,,0.0,2026
2026,LNG_S3_2026,35,Use,LNG,D2,72139.8,2026
2026,Diesel_S3_2026,16,Buy,B20,D3,0.0,2026
2036,Diesel_S3_2026,1,Sell,,,0.0,2026
2026,Diesel_S3_2026,16,Use,B20,D3,68995.4375,2026
2026,LNG_S3_2026,16,Buy,LNG,D3,0.0,2026
2036,LNG_S3_2026,1,Sell,,,0.0,2026
2026,LNG_S3_2026,16,Use,LNG,D3,68995.4375,2026
2026,Diesel_S3_2026,4,Buy,B20,D4,0.0,2026
2036,Diesel_S3_2026,1,Sell,,,0.0,2026
2026,Diesel_S3_2026,4,Use,B20,D4,54795.25,2026
2026,LNG_S3_2026,4,Buy,LNG,D4,0.0,2026
2036,LNG_S3_2026,1,Sell,,,0.0,2026
2026,LNG_S3_2026,4,Use,LNG,D4,54795.25,2026
2026,BEV_S4_2026,1,Buy,Electricity,D1,0.0,2026
2026,BEV_S4_2026,1,Buy,Electricity,D1,0.0,2026
2036,BEV_S4_2026,1,Sell,,,0.0,2026
2026,BEV_S4_2026,1,Use,Electricity,D1,15916.0,2026
2026,Diesel_S4_2026,1,Buy,Electricity,D1,0.0,2026
2026,Diesel_S4_2026,1,Buy,B20,D1,0.0,2026
2036,Diesel_S4_2026,1,Sell,,,0.0,2026
2026,Diesel_S4_2026,1,Use,B20,D1,15916.0,2026
2026,LNG_S4_2026,1,Buy,Electricity,D1,0.0,2026
2026,LNG_S4_2026,1,Buy,LNG,D1,0.0,2026
2036,LNG_S4_2026,1,Sell,,,0.0,2026
2026,LNG_S4_2026,1,Use,LNG,D1,15916.0,2026
2026,BEV_S4_2026,7,Buy,Electricity,D2,0.0,2026
2036,BEV_S4_2026,1,Sell,,,0.0,2026
2026,BEV_S4_2026,7,Use,Electricity,D2,113490.0,2026
2026,Diesel_S4_2026,7,Buy,B20,D2,0.0,2026
2036,Diesel_S4_2026,1,Sell,,,0.0,2026
2026,Diesel_S4_2026,7,Use,B20,D2,113490.0,2026
2026,LNG_S4_2026,7,Buy,LNG,D2,0.0,2026
2036,LNG_S4_2026,1,Sell,,,0.0,2026
2026,LNG_S4_2026,7,Use,LNG,D2,113490.0,2026
2026,Diesel_S4_2026,2,Buy,B20,D3,0.0,2026
2036,Diesel_S4_2026,1,Sell,,,0.0,2026
2026,Diesel_S4_2026,2,Use,B20,D3,63357.5,2026
2026,LNG_S4_2026,2,Buy,LNG,D3,0.0,2026
2036,LNG_S4_2026,1,Sell,,,0.0,2026
2026,LNG_S4_2026,2,Use,LNG,D3,63357.5,2026
2026,Diesel_S4_2026,1,Buy,B20,D4,0.0,2026
2036,Diesel_S4_2026,1,Sell,,,0.0,2026
2026,Diesel_S4_2026,1,Use,B20,D4,1989.0,2026
2026,LNG_S4_2026,1,Buy,LNG,D4,0.0,2026
2036,LNG_S4_2026,1,Sell,,,0.0,2026
2026,LNG_S4_2026,1,Use,LNG,D4,1989.0,2026
2027,BEV_S1_2027,1,Buy,Electricity,D1,0.0,2027
2027,BEV_S1_2027,10,Buy,Electricity,D1,0.0,2027
2037,BEV_S1_2027,1,Sell,,,0.0,2027
2027,BEV_S1_2027,10,Use,Electricity,D1,92300.4,2027
2027,Diesel_S1_2027,1,Buy,Electricity,D1,0.0,2027
2027,Diesel_S1_2027,10,Buy,B20,D1,0.0,2027
2037,Diesel_S1_2027,1,Sell,,,0.0,2027
2027,Diesel_S1_2027,10,Use,B20,D1,92300.4,2027
2027,LNG_S1_2027,1,Buy,Electricity,D1,0.0,2027
2027,LNG_S1_2027,10,Buy,LNG,D1,0.0,2027
2037,LNG_S1_2027,1,Sell,,,0.0,2027
2027,LNG_S1_2027,10,Use,LNG,D1,92300.4,2027
2027,BEV_S1_2027,30,Buy,Electricity,D2,0.0,2027
2037,BEV_S1_2027,1,Sell,,,0.0,2027
2027,BEV_S1_2027,30,Use,Electricity,D2,100771.76666666666,2027
2027,Diesel_S1_2027,30,Buy,B20,D2,0.0,2027
2037,Diesel_S1_2027,1,Sell,,,0.0,2027
2027,Diesel_S1_2027,30,Use,B20,D2,100771.76666666666,2027
2027,LNG_S1_2027,30,Buy,LNG,D2,0.0,2027
2037,LNG_S1_2027,1,Sell,,,0.0,2027
2027,LNG_S1_2027,30,Use,LNG,D2,100771.76666666666,2027
2027,Diesel_S1_2027,36,Buy,B20,D3,0.0,2027
2037,Diesel_S1_2027,1,Sell,,,0.0,2027
2027,Diesel_S1_2027,36,Use,B20,D3,99491.13888888889,2027
2027,LNG_S1_2027,36,Buy,LNG,D3,0.0,2027
2037,LNG_S1_2027,1,Sell,,,0.0,2027
2027,LNG_S1_2027,36,Use,LNG,D3,99491.13888888889,2027
2027,Diesel_S1_2027,5,Buy,B20,D4,0.0,2027
2037,Diesel_S1_2027,1,Sell,,,0.0,2027
2027,Diesel_S1_2027,5,Use,B20,D4,93434.8,2027
2027,LNG_S1_2027,5,Buy,LNG,D4,0.0,2027
2037,LNG_S1_2027,1,Sell,,,0.0,2027
2027,LNG_S1_2027,5,Use,LNG,D4,93434.8,2027
2027,BEV_S2_2027,1,Buy,Electricity,D1,0.0,2027
2027,BEV_S2_2027,11,Buy,Electricity,D1,0.0,2027
2037,BEV_S2_2027,1,Sell,,,0.0,2027
2027,BEV_S2_2027,11,Use,Electricity,D1,101359.72727272728,2027
2027,Diesel_S2_2027,1,Buy,Electricity,D1,0.0,2027
2027,Diesel_S2_2027,11,Buy,B20,D1,0.0,2027
2037,Diesel_S2_2027,1,Sell,,,0.0,2027
2027,Diesel_S2_2027,11,Use,B20,D1,101359.72727272728,2027
2027,LNG_S2_2027,1,Buy,Electricity,D1,0.0,2027
2027,LNG_S2_2027,11,Buy,LNG,D1,0.0,2027
2037,LNG_S2_2027,1,Sell,,,0.0,2027
2027,LNG_S2_2027,11,Use,LNG,D1,101359.72727272728,2027
2027,BEV_S2_2027,14,Buy,Electricity,D2,0.0,2027
2037,BEV_S2_2027,1,Sell,,,0.0,2027
2027,BEV_S2_2027,14,Use,Electricity,D2,105719.78571428571,2027
2027,Diesel_S2_2027,14,Buy,B20,D2,0.0,2027
2037,Diesel_S2_2027,1,Sell,,,0.0,2027
2027,Diesel_S2_2027,14,Use,B20,D2,105719.78571428571,2027
2027,LNG_S2_2027,14,Buy,LNG,D2,0.0,2027
2037,LNG_S2_2027,1,Sell,,,0.0,2027
2027,LNG_S2_2027,14,Use,LNG,D2,105719.78571428571,2027
2027,Diesel_S2_2027,9,Buy,B20,D3,0.0,2027
2037,Diesel_S2_2027,1,Sell,,,0.0,2027
2027,Diesel_S2_2027,9,Use,B20,D3,95872.33333333333,2027
2027,LNG_S2_2027,9,Buy,LNG,D3,0.0,2027
2037,LNG_S2_2027,1,Sell,,,0.0,2027
2027,LNG_S2_2027,9,Use,LNG,D3,95872.33333333333,2027
2027,Diesel_S2_2027,2,Buy,B20,D4,0.0,2027
2037,Diesel_S2_2027,1,Sell,,,0.0,2027
2027,Diesel_S2_2027,2,Use,B20,D4,73224.0,2027
2027,LNG_S2_2027,2,Buy,LNG,D4,0.0,2027
2037,LNG_S2_2027,1,Sell,,,0.0,2027
2027,LNG_S2_2027,2,Use,LNG,D4,73224.0,2027
2027,BEV_S3_2027,1,Buy,Electricity,D1,0.0,2027
2027,BEV_S3_2027,33,Buy,Electricity,D1,0.0,2027
2037,BEV_S3_2027,1,Sell,,,0.0,2027
2027,BEV_S3_2027,33,Use,Electricity,D1,72162.69696969698,2027
2027,Diesel_S3_2027,1,Buy,Electricity,D1,0.0,2027
2027,Diesel_S3_2027,33,Buy,B20,D1,0.0,2027
2037,Diesel_S3_2027,1,Sell,,,0.0,2027
2027,Diesel_S3_2027,33,Use,B20,D1,72162.69696969698,2027
2027,LNG_S3_2027,1,Buy,Electricity,D1,0.0,2027
2027,LNG_S3_2027,33,Buy,LNG,D1,0.0,2027
2037,LNG_S3_2027,1,Sell,,,0.0,2027
2027,LNG_S3_2027,33,Use,LNG,D1,72162.69696969698,2027
2027,BEV_S3_2027,36,Buy,Electricity,D2,0.0,2027
2037,BEV_S3_2027,1,Sell,,,0.0,2027
2027,BEV_S3_2027,36,Use,Electricity,D2,71987.94444444444,2027
2027,Diesel_S3_2027,36,Buy,B20,D2,0.0,2027
2037,Diesel_S3_2027,1,Sell,,,0.0,2027
2027,Diesel_S3_2027,36,Use,B20,D2,71987.94444444444,2027
2027,LNG_S3_2027,36,Buy,LNG,D2,0.0,2027
2037,LNG_S3_2027,1,Sell,,,0.0,2027
2027,LNG_S3_2027,36,Use,LNG,D2,71987.94444444444,2027
2027,Diesel_S3_2027,16,Buy,B20,D3,0.0,2027
2037,Diesel_S3_2027,1,Sell,,,0.0,2027
2027,Diesel_S3_2027,16,Use,B20,D3,71093.375,2027
2027,LNG_S3_2027,16,Buy,LNG,D3,0.0,2027
2037,LNG_S3_2027,1,Sell,,,0.0,2027
2027,LNG_S3_2027,16,Use,LNG,D3,71093.375,2027
2027,Diesel_S3_2027,4,Buy,B20,D4,0.0,2027
2037,Diesel_S3_2027,1,Sell,,,0.0,2027
2027,Diesel_S3_2027,4,Use,B20,D4,56234.25,2027
2027,LNG_S3_2027,4,Buy,LNG,D4,0.0,2027
2037,LNG_S3_2027,1,Sell,,,0.0,2027
2027,LNG_S3_2027,4,Use,LNG,D4,56234.25,2027
2027,BEV_S4_2027,1,Buy,Electricity,D1,0.0,2027
2027,BEV_S4_2027,1,Buy,Electricity,D1,0.0,2027
2037,BEV_S4_2027,1,Sell,,,0.0,2027
2027,BEV_S4_2027,1,Use,Electricity,D1,16532.0,2027
2027,Diesel_S4_2027,1,Buy,Electricity,D1,0.0,2027
2027,Diesel_S4_2027,1,Buy,B20,D1,0.0,2027
2037,Diesel_S4_2027,1,Sell,,,0.0,2027
2027,Diesel_S4_2027,1,Use,B20,D1,16532.0,2027
2027,LNG_S4_2027,1,Buy,Electricity,D1,0.0,2027
2027,LNG_S4_2027,1,Buy,LNG,D1,0.0,2027
2037,LNG_S4_2027,1,Sell,,,0.0,2027
2027,LNG_S4_2027,1,Use,LNG,D1,16532.0,2027
2027,BEV_S4_2027,8,Buy,Electricity,D2,0.0,2027
2037,BEV_S4_2027,1,Sell,,,0.0,2027
2027,BEV_S4_2027,8,Use,Electricity,D2,103668.375,2027
2027,Diesel_S4_2027,8,Buy,B20,D2,0.0,2027
2037,Diesel_S4_2027,1,Sell,,,0.0,2027
2027,Diesel_S4_2027,8,Use,B20,D2,103668.375,2027
2027,LNG_S4_2027,8,Buy,LNG,D2,0.0,2027
2037,LNG_S4_2027,1,Sell,,,0.0,2027
2027,LNG_S4_2027,8,Use,LNG,D2,103668.375,2027
2027,Diesel_S4_2027,2,Buy,B20,D3,0.0,2027
2037,Diesel_S4_2027,1,Sell,,,0.0,2027
2027,Diesel_S4_2027,2,Use,B20,D3,64882.5,2027
2027,LNG_S4_2027,2,Buy,LNG,D3,0.0,2027
2037,LNG_S4_2027,1,Sell,,,0.0,2027
2027,LNG_S4_2027,2,Use,LNG,D3,64882.5,2027
2027,Diesel_S4_2027,1,Buy,B20,D4,0.0,2027
2037,Diesel_S4_2027,1,Sell,,,0.0,2027
2027,Diesel_S4_2027,1,Use,B20,D4,2019.0,2027
2027,LNG_S4_2027,1,Buy,LNG,D4,0.0,2027
2037,LNG_S4_2027,1,Sell,,,0.0,2027
2027,LNG_S4_2027,1,Use,LNG,D4,2019.0,2027
2028,BEV_S1_2028,1,Buy,Electricity,D1,0.0,2028
2028,BEV_S1_2028,10,Buy,Electricity,D1,0.0,2028
2038,BEV_S1_2028,1,Sell,,,0.0,2028
2028,BEV_S1_2028,10,Use,Electricity,D1,96813.7,2028
2028,Diesel_S1_2028,1,Buy,Electricity,D1,0.0,2028
2028,Diesel_S1_2028,10,Buy,B20,D1,0.0,2028
2038,Diesel_S1_2028,1,Sell,,,0.0,2028
2028,Diesel_S1_2028,10,Use,B20,D1,96813.7,2028
2028,LNG_S1_2028,1,Buy,Electricity,D1,0.0,2028
2028,LNG_S1_2028,10,Buy,LNG,D1,0.0,2028
2038,LNG_S1_2028,1,Sell,,,0.0,2028
2028,LNG_S1_2028,10,Use,LNG,D1,96813.7,2028
2028,BEV_S1_2028,31,Buy,Electricity,D2,0.0,2028
2038,BEV_S1_2028,1,Sell,,,0.0,2028
2028,BEV_S1_2028,31,Use,Electricity,D2,100456.6129032258,2028
2028,Diesel_S1_2028,31,Buy,B20,D2,0.0,2028
2038,Diesel_S1_2028,1,Sell,,,0.0,2028
2028,Diesel_S1_2028,31,Use,B20,D2,100456.6129032258,2028
2028,LNG_S1_2028,31,Buy,LNG,D2,0.0,2028
2038,LNG_S1_2028,1,Sell,,,0.0,2028
2028,LNG_S1_2028,31,Use,LNG,D2,100456.6129032258,2028
2028,Diesel_S1_2028,37,Buy,B20,D3,0.0,2028
2038,Diesel_S1_2028,1,Sell,,,0.0,2028
2028,Diesel_S1_2028,37,Use,B20,D3,100845.1081081081,2028
2028,LNG_S1_2028,37,Buy,LNG,D3,0.0,2028
2038,LNG_S1_2028,1,Sell,,,0.0,2028
2028,LNG_S1_2028,37,Use,LNG,D3,100845.1081081081,2028
2028,Diesel_S1_2028,5,Buy,B20,D4,0.0,2028
2038,Diesel_S1_2028,1,Sell,,,0.0,2028
2028,Diesel_S1_2028,5,Use,B20,D4,93833.6,2028
2028,LNG_S1_2028,5,Buy,LNG,D4,0.0,2028
2038,LNG_S1_2028,1,Sell,,,0.0,2028
2028,LNG_S1_2028,5,Use,LNG,D4,93833.6,2028
2028,BEV_S2_2028,1,Buy,Electricity,D1,0.0,2028
2028,BEV_S2_2028,11,Buy,Electricity,D1,0.0,2028
2038,BEV_S2_2028,1,Sell,,,0.0,2028
2028,BEV_S2_2028,11,Use,Electricity,D1,103834.36363636363,2028
2028,Diesel_S2_2028,1,Buy,Electricity,D1,0.0,2028
2028,Diesel_S2_2028,11,Buy,B20,D1,0.0,2028
2038,Diesel_S2_2028,1,Sell,,,0.0,2028
2028,Diesel_S2_2028,11,Use,B20,D1,103834.36363636363,2028
2028,LNG_S2_2028,1,Buy,Electricity,D1,0.0,2028
2028,LNG_S2_2028,11,Buy,LNG,D1,0.0,2028
2038,LNG_S2_2028,1,Sell,,,0.0,2028
2028,LNG_S2_2028,11,Use,LNG,D1,103834.36363636363,2028
2028,BEV_S2_2028,15,Buy,Electricity,D2,0.0,2028
2038,BEV_S2_2028,1,Sell,,,0.0,2028
2028,BEV_S2_2028,15,Use,Electricity,D2,103113.53333333334,2028
2028,Diesel_S2_2028,15,Buy,B20,D2,0.0,2028
2038,Diesel_S2_2028,1,Sell,,,0.0,2028
2028,Diesel_S2_2028,15,Use,B20,D2,103113.53333333334,2028
2028,LNG_S2_2028,15,Buy,LNG,D2,0.0,2028
2038,LNG_S2_2028,1,Sell,,,0.0,2028
2028,LNG_S2_2028,15,Use,LNG,D2,103113.53333333334,2028
2028,Diesel_S2_2028,9,Buy,B20,D3,0.0,2028
2038,Diesel_S2_2028,1,Sell,,,0.0,2028
2028,Diesel_S2_2028,9,Use,B20,D3,100268.33333333333,2028
2028,LNG_S2_2028,9,Buy,LNG,D3,0.0,2028
2038,LNG_S2_2028,1,Sell,,,0.0,2028
2028,LNG_S2_2028,9,Use,LNG,D3,100268.33333333333,2028
2028,Diesel_S2_2028,2,Buy,B20,D4,0.0,2028
2038,Diesel_S2_2028,1,Sell,,,0.0,2028
2028,Diesel_S2_2028,2,Use,B20,D4,74018.0,2028
2028,LNG_S2_2028,2,Buy,LNG,D4,0.0,2028
2038,LNG_S2_2028,1,Sell,,,0.0,2028
2028,LNG_S2_2028,2,Use,LNG,D4,74018.0,2028
2028,BEV_S3_2028,1,Buy,Electricity,D1,0.0,2028
2028,BEV_S3_2028,34,Buy,Electricity,D1,0.0,2028
2038,BEV_S3_2028,1,Sell,,,0.0,2028
2028,BEV_S3_2028,34,Use,Electricity,D1,72013.88235294117,2028
2028,Diesel_S3_2028,1,Buy,Electricity,D1,0.0,2028
2028,Diesel_S3_2028,34,Buy,B20,D1,0.0,2028
2038,Diesel_S3_2028,1,Sell,,,0.0,2028
2028,Diesel_S3_2028,34,Use,B20,D1,72013.88235294117,2028
2028,LNG_S3_2028,1,Buy,Electricity,D1,0.0,2028
2028,LNG_S3_2028,34,Buy,LNG,D1,0.0,2028
2038,LNG_S3_2028,1,Sell,,,0.0,2028
2028,LNG_S3_2028,34,Use,LNG,D1,72013.88235294117,2028
2028,BEV_S3_2028,37,Buy,Electricity,D2,0.0,2028
2038,BEV_S3_2028,1,Sell,,,0.0,2028
2028,BEV_S3_2028,37,Use,Electricity,D2,72106.05405405405,2028
2028,Diesel_S3_2028,37,Buy,B20,D2,0.0,2028
2038,Diesel_S3_2028,1,Sell,,,0.0,2028
2028,Diesel_S3_2028,37,Use,B20,D2,72106.05405405405,2028
2028,LNG_S3_2028,37,Buy,LNG,D2,0.0,2028
2038,LNG_S3_2028,1,Sell,,,0.0,2028
2028,LNG_S3_2028,37,Use,LNG,D2,72106.05405405405,2028
2028,Diesel_S3_2028,16,Buy,B20,D3,0.0,2028
2038,Diesel_S3_2028,1,Sell,,,0.0,2028
2028,Diesel_S3_2028,16,Use,B20,D3,72208.0625,2028
2028,LNG_S3_2028,16,Buy,LNG,D3,0.0,2028
2038,LNG_S3_2028,1,Sell,,,0.0,2028
2028,LNG_S3_2028,16,Use,LNG,D3,72208.0625,2028
2028,Diesel_S3_2028,4,Buy,B20,D4,0.0,2028
2038,Diesel_S3_2028,1,Sell,,,0.0,2028
2028,Diesel_S3_2028,4,Use,B20,D4,58365.5,2028
2028,LNG_S3_2028,4,Buy,LNG,D4,0.0,2028
2038,LNG_S3_2028,1,Sell,,,0.0,2028
2028,LNG_S3_2028,4,Use,LNG,D4,58365.5,2028
2028,BEV_S4_2028,1,Buy,Electricity,D1,0.0,2028
2028,BEV_S4_2028,1,Buy,Electricity,D1,0.0,2028
2038,BEV_S4_2028,1,Sell,,,0.0,2028
2028,BEV_S4_2028,1,Use,Electricity,D1,16863.0,2028
2028,Diesel_S4_2028,1,Buy,Electricity,D1,0.0,2028
2028,Diesel_S4_2028,1,Buy,B20,D1,0.0,2028
2038,Diesel_S4_2028,1,Sell,,,0.0,2028
2028,Diesel_S4_2028,1,Use,B20,D1,16863.0,2028
2028,LNG_S4_2028,1,Buy,Electricity,D1,0.0,2028
2028,LNG_S4_2028,1,Buy,LNG,D1,0.0,2028
2038,LNG_S4_2028,1,Sell,,,0.0,2028
2028,LNG_S4_2028,1,Use,LNG,D1,16863.0,2028
2028,BEV_S4_2028,8,Buy,Electricity,D2,0.0,2028
2038,BEV_S4_2028,1,Sell,,,0.0,2028
2028,BEV_S4_2028,8,Use,Electricity,D2,106494.125,2028
2028,Diesel_S4_2028,8,Buy,B20,D2,0.0,2028
2038,Diesel_S4_2028,1,Sell,,,0.0,2028
2028,Diesel_S4_2028,8,Use,B20,D2,106494.125,2028
2028,LNG_S4_2028,8,Buy,LNG,D2,0.0,2028
2038,LNG_S4_2028,1,Sell,,,0.0,2028
2028,LNG_S4_2028,8,Use,LNG,D2,106494.125,2028
2028,Diesel_S4_2028,2,Buy,B20,D3,0.0,2028
2038,Diesel_S4_2028,1,Sell,,,0.0,2028
2028,Diesel_S4_2028,2,Use,B20,D3,66964.5,2028
2028,LNG_S4_2028,2,Buy,LNG,D3,0.0,2028
2038,LNG_S4_2028,1,Sell,,,0.0,2028
2028,LNG_S4_2028,2,Use,LNG,D3,66964.5,2028
2028,Diesel_S4_2028,1,Buy,B20,D4,0.0,2028
2038,Diesel_S4_2028,1,Sell,,,0.0,2028
2028,Diesel_S4_2028,1,Use,B20,D4,2066.0,2028
2028,LNG_S4_2028,1,Buy,LNG,D4,0.0,2028
2038,LNG_S4_2028,1,Sell,,,0.0,2028
2028,LNG_S4_2028,1,Use,LNG,D4,2066.0,2028
2029,BEV_S1_2029,1,Buy,Electricity,D1,0.0,2029
2029,BEV_S1_2029,10,Use,Electricity,D1,100962.9,2029
2029,Diesel_S1_2029,1,Buy,Electricity,D1,0.0,2029
2029,Diesel_S1_2029,10,Use,B20,D1,100962.9,2029
2029,LNG_S1_2029,1,Buy,Electricity,D1,0.0,2029
2029,LNG_S1_2029,10,Use,LNG,D1,100962.9,2029
2029,BEV_S1_2029,32,Use,Electricity,D2,99635.90625,2029
2029,Diesel_S1_2029,32,Use,B20,D2,99635.90625,2029
2029,LNG_S1_2029,32,Use,LNG,D2,99635.90625,2029
2029,BEV_S1_2029,39,Use,Electricity,D3,99802.51282051283,2029
2029,Diesel_S1_2029,39,Use,B20,D3,99802.51282051283,2029
2029,LNG_S1_2029,39,Use,LNG,D3,99802.51282051283,2029
2029,Diesel_S1_2029,5,Use,B20,D4,96934.2,2029
2029,LNG_S1_2029,5,Use,LNG,D4,96934.2,2029
2029,BEV_S2_2029,1,Buy,Electricity,D1,0.0,2029
2029,BEV_S2_2029,12,Use,Electricity,D1,97801.33333333333,2029
2029,Diesel_S2_2029,1,Buy,Electricity,D1,0.0,2029
2029,Diesel_S2_2029,12,Use,B20,D1,97801.33333333333,2029
2029,LNG_S2_2029,1,Buy,Electricity,D1,0.0,2029
2029,LNG_S2_2029,12,Use,LNG,D1,97801.33333333333,2029
2029,BEV_S2_2029,16,Use,Electricity,D2,100534.6875,2029
2029,Diesel_S2_2029,16,Use,B20,D2,100534.6875,2029
2029,LNG_S2_2029,16,Use,LNG,D2,100534.6875,2029
2029,BEV_S2_2029,9,Use,Electricity,D3,101846.33333333333,2029
2029,Diesel_S2_2029,9,Use,B20,D3,101846.33333333333,2029
2029,LNG_S2_2029,9,Use,LNG,D3,101846.33333333333,2029
2029,Diesel_S2_2029,2,Use,B20,D4,74161.0,2029
2029,LNG_S2_2029,2,Use,LNG,D4,74161.0,2029
2029,BEV_S3_2029,1,Buy,Electricity,D1,0.0,2029
2029,BEV_S3_2029,35,Use,Electricity,D1,71347.22857142857,2029
2029,Diesel_S3_2029,1,Buy,Electricity,D1,0.0,2029
2029,Diesel_S3_2029,35,Use,B20,D1,71347.22857142857,2029
2029,LNG_S3_2029,1,Buy,Electricity,D1,0.0,2029
2029,LNG_S3_2029,35,Use,LNG,D1,71347.22857142857,2029
2029,BEV_S3_2029,39,Use,Electricity,D2,71669.43589743589,2029
2029,Diesel_S3_2029,39,Use,B20,D2,71669.43589743589,2029
2029,LNG_S3_2029,39,Use,LNG,D2,71669.43589743589,2029
2029,BEV_S3_2029,17,Use,Electricity,D3,69148.70588235294,2029
2029,Diesel_S3_2029,17,Use,B20,D3,69148.70588235294,2029
2029,LNG_S3_2029,17,Use,LNG,D3,69148.70588235294,2029
2029,Diesel_S3_2029,4,Use,B20,D4,58538.75,2029
2029,LNG_S3_2029,4,Use,LNG,D4,58538.75,2029
2029,BEV_S4_2029,1,Buy,Electricity,D1,0.0,2029
2029,BEV_S4_2029,1,Use,Electricity,D1,17544.0,2029
2029,Diesel_S4_2029,1,Buy,Electricity,D1,0.0,2029
2029,Diesel_S4_2029,1,Use,B20,D1,17544.0,2029
2029,LNG_S4_2029,1,Buy,Electricity,D1,0.0,2029
2029,LNG_S4_2029,1,Use,LNG,D1,17544.0,2029
2029,BEV_S4_2029,8,Use,Electricity,D2,110732.875,2029
2029,Diesel_S4_2029,8,Use,B20,D2,110732.875,2029
2029,LNG_S4_2029,8,Use,LNG,D2,110732.875,2029
2029,BEV_S4_2029,2,Use,Electricity,D3,67901.5,2029
2029,Diesel_S4_2029,2,Use,B20,D3,67901.5,2029
2029,LNG_S4_2029,2,Use,LNG,D3,67901.5,2029
2029,Diesel_S4_2029,1,Use,B20,D4,2113.0,2029
2029,LNG_S4_2029,1,Use,LNG,D4,2113.0,2029
2030,BEV_S1_2030,1,Buy,Electricity,D1,0.0,2030
2030,BEV_S1_2030,10,Use,Electricity,D1,100979.8,2030
2030,Diesel_S1_2030,1,Buy,Electricity,D1,0.0,2030
2030,Diesel_S1_2030,10,Use,B20,D1,100979.8,2030
2030,LNG_S1_2030,1,Buy,Electricity,D1,0.0,2030
2030,LNG_S1_2030,10,Use,LNG,D1,100979.8,2030
2030,BEV_S1_2030,33,Use,Electricity,D2,99571.33333333333,2030
2030,Diesel_S1_2030,33,Use,B20,D2,99571.33333333333,2030
2030,LNG_S1_2030,33,Use,LNG,D2,99571.33333333333,2030
2030,BEV_S1_2030,39,Use,Electricity,D3,101526.0,2030
2030,Diesel_S1_2030,39,Use,B20,D3,101526.0,2030
2030,LNG_S1_2030,39,Use,LNG,D3,101526.0,2030
2030,Diesel_S1_2030,5,Use,B20,D4,99254.6,2030
2030,LNG_S1_2030,5,Use,LNG,D4,99254.6,2030
2030,BEV_S2_2030,1,Buy,Electricity,D1,0.0,2030
2030,BEV_S2_2030,12,Use,Electricity,D1,102607.75,2030
2030,Diesel_S2_2030,1,Buy,Electricity,D1,0.0,2030
2030,Diesel_S2_2030,12,Use,B20,D1,102607.75,2030
2030,LNG_S2_2030,1,Buy,Electricity,D1,0.0,2030
2030,LNG_S2_2030,12,Use,LNG,D1,102607.75,2030
2030,BEV_S2_2030,16,Use,Electricity,D2,101514.875,2030
2030,Diesel_S2_2030,16,Use,B20,D2,101514.875,2030
2030,LNG_S2_2030,16,Use,LNG,D2,101514.875,2030
2030,BEV_S2_2030,9,Use,Electricity,D3,103497.55555555556,2030
2030,Diesel_S2_2030,9,Use,B20,D3,103497.55555555556,2030
2030,LNG_S2_2030,9,Use,LNG,D3,103497.55555555556,2030
2030,Diesel_S2_2030,2,Use,B20,D4,77782.5,2030
2030,LNG_S2_2030,2,Use,LNG,D4,77782.5,2030
2030,BEV_S3_2030,1,Buy,Electricity,D1,0.0,2030
2030,BEV_S3_2030,35,Use,Electricity,D1,71948.22857142857,2030
2030,Diesel_S3_2030,1,Buy,Electricity,D1,0.0,2030
2030,Diesel_S3_2030,35,Use,B20,D1,71948.22857142857,2030
2030,LNG_S3_2030,1,Buy,Electricity,D1,0.0,2030
2030,LNG_S3_2030,35,Use,LNG,D1,71948.22857142857,2030
2030,BEV_S3_2030,39,Use,Electricity,D2,71807.64102564103,2030
2030,Diesel_S3_2030,39,Use,B20,D2,71807.64102564103,2030
2030,LNG_S3_2030,39,Use,LNG,D2,71807.64102564103,2030
2030,BEV_S3_2030,17,Use,Electricity,D3,71562.88235294117,2030
2030,Diesel_S3_2030,17,Use,B20,D3,71562.88235294117,2030
2030,LNG_S3_2030,17,Use,LNG,D3,71562.88235294117,2030
2030,Diesel_S3_2030,4,Use,B20,D4,60191.75,2030
2030,LNG_S3_2030,4,Use,LNG,D4,60191.75,2030
2030,BEV_S4_2030,1,Buy,Electricity,D1,0.0,2030
2030,BEV_S4_2030,1,Use,Electricity,D1,18168.0,2030
2030,Diesel_S4_2030,1,Buy,Electricity,D1,0.0,2030
2030,Diesel_S4_2030,1,Use,B20,D1,18168.0,2030
2030,LNG_S4_2030,1,Buy,Electricity,D1,0.0,2030
2030,LNG_S4_2030,1,Use,LNG,D1,18168.0,2030
2030,BEV_S4_2030,8,Use,Electricity,D2,114911.25,2030
2030,Diesel_S4_2030,8,Use,B20,D2,114911.25,2030
2030,LNG_S4_2030,8,Use,LNG,D2,114911.25,2030
2030,BEV_S4_2030,2,Use,Electricity,D3,68172.0,2030
2030,Diesel_S4_2030,2,Use,B20,D3,68172.0,2030
2030,LNG_S4_2030,2,Use,LNG,D3,68172.0,2030
2030,Diesel_S4_2030,1,Use,B20,D4,2114.0,2030
2030,LNG_S4_2030,1,Use,LNG,D4,2114.0,2030
2031,BEV_S1_2031,1,Buy,Electricity,D1,0.0,2031
2031,BEV_S1_2031,11,Use,Electricity,D1,94750.09090909091,2031
2031,Diesel_S1_2031,1,Buy,Electricity,D1,0.0,2031
2031,Diesel_S1_2031,11,Use,B20,D1,94750.09090909091,2031
2031,LNG_S1_2031,1,Buy,Electricity,D1,0.0,2031
2031,LNG_S1_2031,11,Use,LNG,D1,94750.09090909091,2031
2031,BEV_S1_2031,33,Use,Electricity,D2,100324.78787878787,2031
2031,Diesel_S1_2031,33,Use,B20,D2,100324.78787878787,2031
2031,LNG_S1_2031,33,Use,LNG,D2,100324.78787878787,2031
2031,BEV_S1_2031,40,Use,Electricity,D3,101536.225,2031
2031,Diesel_S1_2031,40,Use,B20,D3,101536.225,2031
2031,LNG_S1_2031,40,Use,LNG,D3,101536.225,2031
2031,Diesel_S1_2031,6,Use,B20,D4,86441.83333333333,2031
2031,LNG_S1_2031,6,Use,LNG,D4,86441.83333333333,2031
2031,BEV_S2_2031,1,Buy,Electricity,D1,0.0,2031
2031,BEV_S2_2031,12,Use,Electricity,D1,103366.83333333333,2031
2031,Diesel_S2_2031,1,Buy,Electricity,D1,0.0,2031
2031,Diesel_S2_2031,12,Use,B20,D1,103366.83333333333,2031
2031,LNG_S2_2031,1,Buy,Electricity,D1,0.0,2031
2031,LNG_S2_2031,12,Use,LNG,D1,103366.83333333333,2031
2031,BEV_S2_2031,16,Use,Electricity,D2,105574.75,2031
2031,Diesel_S2_2031,16,Use,B20,D2,105574.75,2031
2031,LNG_S2_2031,16,Use,LNG,D2,105574.75,2031
2031,BEV_S2_2031,9,Use,Electricity,D3,104830.22222222222,2031
2031,Diesel_S2_2031,9,Use,B20,D3,104830.22222222222,2031
2031,LNG_S2_2031,9,Use,LNG,D3,104830.22222222222,2031
2031,Diesel_S2_2031,2,Use,B20,D4,80988.5,2031
2031,LNG_S2_2031,2,Use,LNG,D4,80988.5,2031
2031,BEV_S3_2031,1,Buy,Electricity,D1,0.0,2031
2031,BEV_S3_2031,36,Use,Electricity,D1,72754.55555555556,2031
2031,Diesel_S3_2031,1,Buy,Electricity,D1,0.0,2031
2031,Diesel_S3_2031,36,Use,B20,D1,72754.55555555556,2031
2031,LNG_S3_2031,1,Buy,Electricity,D1,0.0,2031
2031,LNG_S3_2031,36,Use,LNG,D1,72754.55555555556,2031
2031,BEV_S3_2031,39,Use,Electricity,D2,72158.05128205128,2031
2031,Diesel_S3_2031,39,Use,B20,D2,72158.05128205128,2031
2031,LNG_S3_2031,39,Use,LNG,D2,72158.05128205128,2031
2031,BEV_S3_2031,17,Use,Electricity,D3,72596.94117647059,2031
2031,Diesel_S3_2031,17,Use,B20,D3,72596.94117647059,2031
2031,LNG_S3_2031,17,Use,LNG,D3,72596.94117647059,2031
2031,Diesel_S3_2031,4,Use,B20,D4,60703.25,2031
2031,LNG_S3_2031,4,Use,LNG,D4,60703.25,2031
2031,BEV_S4_2031,1,Buy,Electricity,D1,0.0,2031
2031,BEV_S4_2031,1,Use,Electricity,D1,18747.0,2031
2031,Diesel_S4_2031,1,Buy,Electricity,D1,0.0,2031
2031,Diesel_S4_2031,1,Use,B20,D1,18747.0,2031
2031,LNG_S4_2031,1,Buy,Electricity,D1,0.0,2031
2031,LNG_S4_2031,1,Use,LNG,D1,18747.0,2031
2031,BEV_S4_2031,8,Use,Electricity,D2,117745.0,2031
2031,Diesel_S4_2031,8,Use,B20,D2,117745.0,2031
2031,LNG_S4_2031,8,Use,LNG,D2,117745.0,2031
2031,BEV_S4_2031,2,Use,Electricity,D3,69848.0,2031
2031,Diesel_S4_2031,2,Use,B20,D3,69848.0,2031
2031,LNG_S4_2031,2,Use,LNG,D3,69848.0,2031
2031,Diesel_S4_2031,1,Use,B20,D4,2198.0,2031
2031,LNG_S4_2031,1,Use,LNG,D4,2198.0,2031
2032,BEV_S1_2032,1,Buy,Electricity,D1,0.0,2032
2032,BEV_S1_2032,11,Use,Electricity,D1,97249.09090909091,2032
2032,Diesel_S1_2032,1,Buy,Electricity,D1,0.0,2032
2032,Diesel_S1_2032,11,Use,B20,D1,97249.09090909091,2032
2032,LNG_S1_2032,1,Buy,Electricity,D1,0.0,2032
2032,LNG_S1_2032,11,Use,LNG,D1,97249.09090909091,2032
2032,BEV_S1_2032,34,Use,Electricity,D2,100909.82352941176,2032
2032,Diesel_S1_2032,34,Use,B20,D2,100909.82352941176,2032
2032,LNG_S1_2032,34,Use,LNG,D2,100909.82352941176,2032
2032,BEV_S1_2032,42,Use,Electricity,D3,100881.57142857143,2032
2032,Diesel_S1_2032,42,Use,B20,D3,100881.57142857143,2032
2032,LNG_S1_2032,42,Use,LNG,D3,100881.57142857143,2032
2032,BEV_S1_2032,6,Use,Electricity,D4,90486.83333333333,2032
2032,Diesel_S1_2032,6,Use,B20,D4,90486.83333333333,2032
2032,LNG_S1_2032,6,Use,LNG,D4,90486.83333333333,2032
2032,BEV_S2_2032,1,Buy,Electricity,D1,0.0,2032
2032,BEV_S2_2032,12,Use,Electricity,D1,104824.16666666667,2032
2032,Diesel_S2_2032,1,Buy,Electricity,D1,0.0,2032
2032,Diesel_S2_2032,12,Use,B20,D1,104824.16666666667,2032
2032,LNG_S2_2032,1,Buy,Electricity,D1,0.0,2032
2032,LNG_S2_2032,12,Use,LNG,D1,104824.16666666667,2032
2032,BEV_S2_2032,17,Use,Electricity,D2,103483.23529411765,2032
2032,Diesel_S2_2032,17,Use,B20,D2,103483.23529411765,2032
2032,LNG_S2_2032,17,Use,LNG,D2,103483.23529411765,2032
2032,BEV_S2_2032,10,Use,Electricity,D3,98043.0,2032
2032,Diesel_S2_2032,10,Use,B20,D3,98043.0,2032
2032,LNG_S2_2032,10,Use,LNG,D3,98043.0,2032
2032,BEV_S2_2032,2,Use,Electricity,D4,81563.0,2032
2032,Diesel_S2_2032,2,Use,B20,D4,81563.0,2032
2032,LNG_S2_2032,2,Use,LNG,D4,81563.0,2032
2032,BEV_S3_2032,1,Buy,Electricity,D1,0.0,2032
2032,BEV_S3_2032,38,Use,Electricity,D1,71266.65789473684,2032
2032,Diesel_S3_2032,1,Buy,Electricity,D1,0.0,2032
2032,Diesel_S3_2032,38,Use,B20,D1,71266.65789473684,2032
2032,LNG_S3_2032,1,Buy,Electricity,D1,0.0,2032
2032,LNG_S3_2032,38,Use,LNG,D1,71266.65789473684,2032
2032,BEV_S3_2032,40,Use,Electricity,D2,71591.85,2032
2032,Diesel_S3_2032,40,Use,B20,D2,71591.85,2032
2032,LNG_S3_2032,40,Use,LNG,D2,71591.85,2032
2032,BEV_S3_2032,18,Use,Electricity,D3,69681.16666666667,2032
2032,Diesel_S3_2032,18,Use,B20,D3,69681.16666666667,2032
2032,LNG_S3_2032,18,Use,LNG,D3,69681.16666666667,2032
2032,BEV_S3_2032,4,Use,Electricity,D4,62619.75,2032
2032,Diesel_S3_2032,4,Use,B20,D4,62619.75,2032
2032,LNG_S3_2032,4,Use,LNG,D4,62619.75,2032
2032,BEV_S4_2032,1,Buy,Electricity,D1,0.0,2032
2032,BEV_S4_2032,1,Use,Electricity,D1,19298.0,2032
2032,Diesel_S4_2032,1,Buy,Electricity,D1,0.0,2032
2032,Diesel_S4_2032,1,Use,B20,D1,19298.0,2032
2032,LNG_S4_2032,1,Buy,Electricity,D1,0.0,2032
2032,LNG_S4_2032,1,Use,LNG,D1,19298.0,2032
2032,BEV_S4_2032,9,Use,Electricity,D2,107495.66666666667,2032
2032,Diesel_S4_2032,9,Use,B20,D2,107495.66666666667,2032
2032,LNG_S4_2032,9,Use,LNG,D2,107495.66666666667,2032
2032,BEV_S4_2032,2,Use,Electricity,D3,70695.5,2032
2032,Diesel_S4_2032,2,Use,B20,D3,70695.5,2032
2032,LNG_S4_2032,2,Use,LNG,D3,70695.5,2032
2032,BEV_S4_2032,1,Use,Electricity,D4,2230.0,2032
2032,Diesel_S4_2032,1,Use,B20,D4,2230.0,2032
2032,LNG_S4_2032,1,Use,LNG,D4,2230.0,2032
2033,BEV_S1_2033,1,Buy,Electricity,D1,0.0,2033
2033,BEV_S1_2033,11,Use,Electricity,D1,97355.90909090909,2033
2033,Diesel_S1_2033,1,Buy,Electricity,D1,0.0,2033
2033,Diesel_S1_2033,11,Use,B20,D1,97355.90909090909,2033
2033,LNG_S1_2033,1,Buy,Electricity,D1,0.0,2033
2033,LNG_S1_2033,11,Use,LNG,D1,97355.90909090909,2033
2033,BEV_S1_2033,35,Use,Electricity,D2,99768.17142857143,2033
2033,Diesel_S1_2033,35,Use,B20,D2,99768.17142857143,2033
2033,LNG_S1_2033,35,Use,LNG,D2,99768.17142857143,2033
2033,BEV_S1_2033,43,Use,Electricity,D3,99769.37209302325,2033
2033,Diesel_S1_2033,43,Use,B20,D3,99769.37209302325,2033
2033,LNG_S1_2033,43,Use,LNG,D3,99769.37209302325,2033
2033,BEV_S1_2033,6,Use,Electricity,D4,93885.5,2033
2033,Diesel_S1_2033,6,Use,B20,D4,93885.5,2033
2033,LNG_S1_2033,6,Use,LNG,D4,93885.5,2033
2033,BEV_S2_2033,1,Buy,Electricity,D1,0.0,2033
2033,BEV_S2_2033,13,Use,Electricity,D1,98694.30769230769,2033
2033,Diesel_S2_2033,1,Buy,Electricity,D1,0.0,2033
2033,Diesel_S2_2033,13,Use,B20,D1,98694.30769230769,2033
2033,LNG_S2_2033,1,Buy,Electricity,D1,0.0,2033
2033,LNG_S2_2033,13,Use,LNG,D1,98694.30769230769,2033
2033,BEV_S2_2033,17,Use,Electricity,D2,105312.58823529411,2033
2033,Diesel_S2_2033,17,Use,B20,D2,105312.58823529411,2033
2033,LNG_S2_2033,17,Use,LNG,D2,105312.58823529411,2033
2033,BEV_S2_2033,10,Use,Electricity,D3,100725.9,2033
2033,Diesel_S2_2033,10,Use,B20,D3,100725.9,2033
2033,LNG_S2_2033,10,Use,LNG,D3,100725.9,2033
2033,BEV_S2_2033,2,Use,Electricity,D4,84070.5,2033
2033,Diesel_S2_2033,2,Use,B20,D4,84070.5,2033
2033,LNG_S2_2033,2,Use,LNG,D4,84070.5,2033
2033,BEV_S3_2033,1,Buy,Electricity,D1,0.0,2033
2033,BEV_S3_2033,39,Use,Electricity,D1,72333.10256410256,2033
2033,Diesel_S3_2033,1,Buy,Electricity,D1,0.0,2033
2033,Diesel_S3_2033,39,Use,B20,D1,72333.10256410256,2033
2033,LNG_S3_2033,1,Buy,Electricity,D1,0.0,2033
2033,LNG_S3_2033,39,Use,LNG,D1,72333.10256410256,2033
2033,BEV_S3_2033,41,Use,Electricity,D2,72540.73170731707,2033
2033,Diesel_S3_2033,41,Use,B20,D2,72540.73170731707,2033
2033,LNG_S3_2033,41,Use,LNG,D2,72540.73170731707,2033
2033,BEV_S3_2033,18,Use,Electricity,D3,70563.27777777778,2033
2033,Diesel_S3_2033,18,Use,B20,D3,70563.27777777778,2033
2033,LNG_S3_2033,18,Use,LNG,D3,70563.27777777778,2033
2033,BEV_S3_2033,4,Use,Electricity,D4,65578.25,2033
2033,Diesel_S3_2033,4,Use,B20,D4,65578.25,2033
2033,LNG_S3_2033,4,Use,LNG,D4,65578.25,2033
2033,BEV_S4_2033,1,Buy,Electricity,D1,0.0,2033
2033,BEV_S4_2033,1,Use,Electricity,D1,19951.0,2033
2033,Diesel_S4_2033,1,Buy,Electricity,D1,0.0,2033
2033,Diesel_S4_2033,1,Use,B20,D1,19951.0,2033
2033,LNG_S4_2033,1,Buy,Electricity,D1,0.0,2033
2033,LNG_S4_2033,1,Use,LNG,D1,19951.0,2033
2033,BEV_S4_2033,9,Use,Electricity,D2,112574.88888888889,2033
2033,Diesel_S4_2033,9,Use,B20,D2,112574.88888888889,2033
2033,LNG_S4_2033,9,Use,LNG,D2,112574.88888888889,2033
2033,BEV_S4_2033,2,Use,Electricity,D3,73135.0,2033
2033,Diesel_S4_2033,2,Use,B20,D3,73135.0,2033
2033,LNG_S4_2033,2,Use,LNG,D3,73135.0,2033
2033,BEV_S4_2033,1,Use,Electricity,D4,2236.0,2033
2033,Diesel_S4_2033,1,Use,B20,D4,2236.0,2033
2033,LNG_S4_2033,1,Use,LNG,D4,2236.0,2033
2034,BEV_S1_2034,1,Buy,Electricity,D1,0.0,2034
2034,BEV_S1_2034,11,Use,Electricity,D1,98199.81818181818,2034
2034,Diesel_S1_2034,1,Buy,Electricity,D1,0.0,2034
2034,Diesel_S1_2034,11,Use,B20,D1,98199.81818181818,2034
2034,LNG_S1_2034,1,Buy,Electricity,D1,0.0,2034
2034,LNG_S1_2034,11,Use,LNG,D1,98199.81818181818,2034
2034,BEV_S1_2034,36,Use,Electricity,D2,100190.0,2034
2034,Diesel_S1_2034,36,Use,B20,D2,100190.0,2034
2034,LNG_S1_2034,36,Use,LNG,D2,100190.0,2034
2034,BEV_S1_2034,44,Use,Electricity,D3,101699.15909090909,2034
2034,Diesel_S1_2034,44,Use,B20,D3,101699.15909090909,2034
2034,LNG_S1_2034,44,Use,LNG,D3,101699.15909090909,2034
2034,BEV_S1_2034,6,Use,Electricity,D4,95907.5,2034
2034,Diesel_S1_2034,6,Use,B20,D4,95907.5,2034
2034,LNG_S1_2034,6,Use,LNG,D4,95907.5,2034
2034,BEV_S2_2034,1,Buy,Electricity,D1,0.0,2034
2034,BEV_S2_2034,13,Use,Electricity,D1,103445.76923076923,2034
2034,Diesel_S2_2034,1,Buy,Electricity,D1,0.0,2034
2034,Diesel_S2_2034,13,Use,B20,D1,103445.76923076923,2034
2034,LNG_S2_2034,1,Buy,Electricity,D1,0.0,2034
2034,LNG_S2_2034,13,Use,LNG,D1,103445.76923076923,2034
2034,BEV_S2_2034,18,Use,Electricity,D2,103857.5,2034
2034,Diesel_S2_2034,18,Use,B20,D2,103857.5,2034
2034,LNG_S2_2034,18,Use,LNG,D2,103857.5,2034
2034,BEV_S2_2034,10,Use,Electricity,D3,104393.6,2034
2034,Diesel_S2_2034,10,Use,B20,D3,104393.6,2034
2034,LNG_S2_2034,10,Use,LNG,D3,104393.6,2034
2034,BEV_S2_2034,2,Use,Electricity,D4,84736.0,2034
2034,Diesel_S2_2034,2,Use,B20,D4,84736.0,2034
2034,LNG_S2_2034,2,Use,LNG,D4,84736.0,2034
2034,BEV_S3_2034,1,Buy,Electricity,D1,0.0,2034
2034,BEV_S3_2034,39,Use,Electricity,D1,72619.30769230769,2034
2034,Diesel_S3_2034,1,Buy,Electricity,D1,0.0,2034
2034,Diesel_S3_2034,39,Use,B20,D1,72619.30769230769,2034
2034,LNG_S3_2034,1,Buy,Electricity,D1,0.0,2034
2034,LNG_S3_2034,39,Use,LNG,D1,72619.30769230769,2034
2034,BEV_S3_2034,43,Use,Electricity,D2,72019.53488372093,2034
2034,Diesel_S3_2034,43,Use,B20,D2,72019.53488372093,2034
2034,LNG_S3_2034,43,Use,LNG,D2,72019.53488372093,2034
2034,BEV_S3_2034,19,Use,Electricity,D3,69514.1052631579,2034
2034,Diesel_S3_2034,19,Use,B20,D3,69514.1052631579,2034
2034,LNG_S3_2034,19,Use,LNG,D3,69514.1052631579,2034
2034,BEV_S3_2034,4,Use,Electricity,D4,68263.25,2034
2034,Diesel_S3_2034,4,Use,B20,D4,68263.25,2034
2034,LNG_S3_2034,4,Use,LNG,D4,68263.25,2034
2034,BEV_S4_2034,1,Buy,Electricity,D1,0.0,2034
2034,BEV_S4_2034,1,Use,Electricity,D1,20807.0,2034
2034,Diesel_S4_2034,1,Buy,Electricity,D1,0.0,2034
2034,Diesel_S4_2034,1,Use,B20,D1,20807.0,2034
2034,LNG_S4_2034,1,Buy,Electricity,D1,0.0,2034
2034,LNG_S4_2034,1,Use,LNG,D1,20807.0,2034
2034,BEV_S4_2034,9,Use,Electricity,D2,117459.22222222222,2034
2034,Diesel_S4_2034,9,Use,B20,D2,117459.22222222222,2034
2034,LNG_S4_2034,9,Use,LNG,D2,117459.22222222222,2034
2034,BEV_S4_2034,2,Use,Electricity,D3,73166.5,2034
2034,Diesel_S4_2034,2,Use,B20,D3,73166.5,2034
2034,LNG_S4_2034,2,Use,LNG,D3,73166.5,2034
2034,BEV_S4_2034,1,Use,Electricity,D4,2280.0,2034
2034,Diesel_S4_2034,1,Use,B20,D4,2280.0,2034
2034,LNG_S4_2034,1,Use,LNG,D4,2280.0,2034
2035,BEV_S1_2035,1,Buy,Electricity,D1,0.0,2035
2035,BEV_S1_2035,11,Use,Electricity,D1,100610.81818181818,2035
2035,Diesel_S1_2035,1,Buy,Electricity,D1,0.0,2035
2035,Diesel_S1_2035,11,Use,B20,D1,100610.81818181818,2035
2035,LNG_S1_2035,1,Buy,Electricity,D1,0.0,2035
2035,LNG_S1_2035,11,Use,LNG,D1,100610.81818181818,2035
2035,BEV_S1_2035,37,Use,Electricity,D2,101247.18918918919,2035
2035,Diesel_S1_2035,37,Use,B20,D2,101247.18918918919,2035
2035,LNG_S1_2035,37,Use,LNG,D2,101247.18918918919,2035
2035,BEV_S1_2035,44,Use,Electricity,D3,101737.43181818182,2035
2035,Diesel_S1_2035,44,Use,B20,D3,101737.43181818182,2035
2035,LNG_S1_2035,44,Use,LNG,D3,101737.43181818182,2035
2035,BEV_S1_2035,6,Use,Electricity,D4,98032.66666666667,2035
2035,Diesel_S1_2035,6,Use,B20,D4,98032.66666666667,2035
2035,LNG_S1_2035,6,Use,LNG,D4,98032.66666666667,2035
2035,BEV_S2_2035,1,Buy,Electricity,D1,0.0,2035
2035,BEV_S2_2035,13,Use,Electricity,D1,103887.15384615384,2035
2035,Diesel_S2_2035,1,Buy,Electricity,D1,0.0,2035
2035,Diesel_S2_2035,13,Use,B20,D1,103887.15384615384,2035
2035,LNG_S2_2035,1,Buy,Electricity,D1,0.0,2035
2035,LNG_S2_2035,13,Use,LNG,D1,103887.15384615384,2035
2035,BEV_S2_2035,19,Use,Electricity,D2,101822.15789473684,2035
2035,Diesel_S2_2035,19,Use,B20,D2,101822.15789473684,2035
2035,LNG_S2_2035,19,Use,LNG,D2,101822.15789473684,2035
2035,BEV_S2_2035,10,Use,Electricity,D3,105387.0,2035
2035,Diesel_S2_2035,10,Use,B20,D3,105387.0,2035
2035,LNG_S2_2035,10,Use,LNG,D3,105387.0,2035
2035,BEV_S2_2035,2,Use,Electricity,D4,88464.5,2035
2035,Diesel_S2_2035,2,Use,B20,D4,88464.5,2035
2035,LNG_S2_2035,2,Use,LNG,D4,88464.5,2035
2035,BEV_S3_2035,1,Buy,Electricity,D1,0.0,2035
2035,BEV_S3_2035,40,Use,Electricity,D1,72713.575,2035
2035,Diesel_S3_2035,1,Buy,Electricity,D1,0.0,2035
2035,Diesel_S3_2035,40,Use,B20,D1,72713.575,2035
2035,LNG_S3_2035,1,Buy,Electricity,D1,0.0,2035
2035,LNG_S3_2035,40,Use,LNG,D1,72713.575,2035
2035,BEV_S3_2035,45,Use,Electricity,D2,72164.46666666666,2035
2035,Diesel_S3_2035,45,Use,B20,D2,72164.46666666666,2035
2035,LNG_S3_2035,45,Use,LNG,D2,72164.46666666666,2035
2035,BEV_S3_2035,19,Use,Electricity,D3,71596.68421052632,2035
2035,Diesel_S3_2035,19,Use,B20,D3,71596.68421052632,2035
2035,LNG_S3_2035,19,Use,LNG,D3,71596.68421052632,2035
2035,BEV_S3_2035,4,Use,Electricity,D4,68685.25,2035
2035,Diesel_S3_2035,4,Use,B20,D4,68685.25,2035
2035,LNG_S3_2035,4,Use,LNG,D4,68685.25,2035
2035,BEV_S4_2035,1,Buy,Electricity,D1,0.0,2035
2035,BEV_S4_2035,1,Use,Electricity,D1,21666.0,2035
2035,Diesel_S4_2035,1,Buy,Electricity,D1,0.0,2035
2035,Diesel_S4_2035,1,Use,B20,D1,21666.0,2035
2035,LNG_S4_2035,1,Buy,Electricity,D1,0.0,2035
2035,LNG_S4_2035,1,Use,LNG,D1,21666.0,2035
2035,BEV_S4_2035,10,Use,Electricity,D2,110778.7,2035
2035,Diesel_S4_2035,10,Use,B20,D2,110778.7,2035
2035,LNG_S4_2035,10,Use,LNG,D2,110778.7,2035
2035,BEV_S4_2035,2,Use,Electricity,D3,73795.0,2035
2035,Diesel_S4_2035,2,Use,B20,D3,73795.0,2035
2035,LNG_S4_2035,2,Use,LNG,D3,73795.0,2035
2035,BEV_S4_2035,1,Use,Electricity,D4,2369.0,2035
2035,Diesel_S4_2035,1,Use,B20,D4,2369.0,2035
2035,LNG_S4_2035,1,Use,LNG,D4,2369.0,2035
2036,BEV_S1_2036,1,Buy,Electricity,D1,0.0,2036
2036,BEV_S1_2036,12,Use,Electricity,D1,95308.5,2036
2036,Diesel_S1_2036,1,Buy,Electricity,D1,0.0,2036
2036,Diesel_S1_2036,12,Use,B20,D1,95308.5,2036
2036,LNG_S1_2036,1,Buy,Electricity,D1,0.0,2036
2036,LNG_S1_2036,12,Use,LNG,D1,95308.5,2036
2036,BEV_S1_2036,38,Use,Electricity,D2,100562.97368421052,2036
2036,Diesel_S1_2036,38,Use,B20,D2,100562.97368421052,2036
2036,LNG_S1_2036,38,Use,LNG,D2,100562.97368421052,2036
2036,BEV_S1_2036,46,Use,Electricity,D3,99982.97826086957,2036
2036,Diesel_S1_2036,46,Use,B20,D3,99982.97826086957,2036
2036,LNG_S1_2036,46,Use,LNG,D3,99982.97826086957,2036
2036,BEV_S1_2036,6,Use,Electricity,D4,100426.16666666667,2036
2036,Diesel_S1_2036,6,Use,B20,D4,100426.16666666667,2036
2036,LNG_S1_2036,6,Use,LNG,D4,100426.16666666667,2036
2036,BEV_S2_2036,1,Buy,Electricity,D1,0.0,2036
2036,BEV_S2_2036,14,Use,Electricity,D1,99194.92857142857,2036
2036,Diesel_S2_2036,1,Buy,Electricity,D1,0.0,2036
2036,Diesel_S2_2036,14,Use,B20,D1,99194.92857142857,2036
2036,LNG_S2_2036,1,Buy,Electricity,D1,0.0,2036
2036,LNG_S2_2036,14,Use,LNG,D1,99194.92857142857,2036
2036,BEV_S2_2036,19,Use,Electricity,D2,104331.63157894737,2036
2036,Diesel_S2_2036,19,Use,B20,D2,104331.63157894737,2036
2036,LNG_S2_2036,19,Use,LNG,D2,104331.63157894737,2036
2036,BEV_S2_2036,11,Use,Electricity,D3,100290.63636363637,2036
2036,Diesel_S2_2036,11,Use,B20,D3,100290.63636363637,2036
2036,LNG_S2_2036,11,Use,LNG,D3,100290.63636363637,2036
2036,BEV_S2_2036,2,Use,Electricity,D4,90070.0,2036
2036,Diesel_S2_2036,2,Use,B20,D4,90070.0,2036
2036,LNG_S2_2036,2,Use,LNG,D4,90070.0,2036
2036,BEV_S3_2036,1,Buy,Electricity,D1,0.0,2036
2036,BEV_S3_2036,41,Use,Electricity,D1,72764.65853658537,2036
2036,Diesel_S3_2036,1,Buy,Electricity,D1,0.0,2036
2036,Diesel_S3_2036,41,Use,B20,D1,72764.65853658537,2036
2036,LNG_S3_2036,1,Buy,Electricity,D1,0.0,2036
2036,LNG_S3_2036,41,Use,LNG,D1,72764.65853658537,2036
2036,BEV_S3_2036,45,Use,Electricity,D2,72663.82222222222,2036
2036,Diesel_S3_2036,45,Use,B20,D2,72663.82222222222,2036
2036,LNG_S3_2036,45,Use,LNG,D2,72663.82222222222,2036
2036,BEV_S3_2036,19,Use,Electricity,D3,72490.84210526316,2036
2036,Diesel_S3_2036,19,Use,B20,D3,72490.84210526316,2036
2036,LNG_S3_2036,19,Use,LNG,D3,72490.84210526316,2036
2036,BEV_S3_2036,4,Use,Electricity,D4,70228.5,2036
2036,Diesel_S3_2036,4,Use,B20,D4,70228.5,2036
2036,LNG_S3_2036,4,Use,LNG,D4,70228.5,2036
2036,BEV_S4_2036,1,Buy,Electricity,D1,0.0,2036
2036,BEV_S4_2036,1,Use,Electricity,D1,22740.0,2036
2036,Diesel_S4_2036,1,Buy,Electricity,D1,0.0,2036
2036,Diesel_S4_2036,1,Use,B20,D1,22740.0,2036
2036,LNG_S4_2036,1,Buy,Electricity,D1,0.0,2036
2036,LNG_S4_2036,1,Use,LNG,D1,22740.0,2036
2036,BEV_S4_2036,10,Use,Electricity,D2,113423.8,2036
2036,Diesel_S4_2036,10,Use,B20,D2,113423.8,2036
2036,LNG_S4_2036,10,Use,LNG,D2,113423.8,2036
2036,BEV_S4_2036,2,Use,Electricity,D3,75545.0,2036
2036,Diesel_S4_2036,2,Use,B20,D3,75545.0,2036
2036,LNG_S4_2036,2,Use,LNG,D3,75545.0,2036
2036,BEV_S4_2036,1,Use,Electricity,D4,2412.0,2036
2036,Diesel_S4_2036,1,Use,B20,D4,2412.0,2036
2036,LNG_S4_2036,1,Use,LNG,D4,2412.0,2036
2037,BEV_S1_2037,1,Buy,Electricity,D1,0.0,2037
2037,BEV_S1_2037,12,Use,Electricity,D1,99688.75,2037
2037,Diesel_S1_2037,1,Buy,Electricity,D1,0.0,2037
2037,Diesel_S1_2037,12,Use,B20,D1,99688.75,2037
2037,LNG_S1_2037,1,Buy,Electricity,D1,0.0,2037
2037,LNG_S1_2037,12,Use,LNG,D1,99688.75,2037
2037,BEV_S1_2037,39,Use,Electricity,D2,101360.30769230769,2037
2037,Diesel_S1_2037,39,Use,B20,D2,101360.30769230769,2037
2037,LNG_S1_2037,39,Use,LNG,D2,101360.30769230769,2037
2037,BEV_S1_2037,46,Use,Electricity,D3,101390.56521739131,2037
2037,Diesel_S1_2037,46,Use,B20,D3,101390.56521739131,2037
2037,LNG_S1_2037,46,Use,LNG,D3,101390.56521739131,2037
2037,BEV_S1_2037,7,Use,Electricity,D4,90013.14285714286,2037
2037,Diesel_S1_2037,7,Use,B20,D4,90013.14285714286,2037
2037,LNG_S1_2037,7,Use,LNG,D4,90013.14285714286,2037
2037,BEV_S2_2037,1,Buy,Electricity,D1,0.0,2037
2037,BEV_S2_2037,14,Use,Electricity,D1,100145.07142857143,2037
2037,Diesel_S2_2037,1,Buy,Electricity,D1,0.0,2037
2037,Diesel_S2_2037,14,Use,B20,D1,100145.07142857143,2037
2037,LNG_S2_2037,1,Buy,Electricity,D1,0.0,2037
2037,LNG_S2_2037,14,Use,LNG,D1,100145.07142857143,2037
2037,BEV_S2_2037,20,Use,Electricity,D2,103955.25,2037
2037,Diesel_S2_2037,20,Use,B20,D2,103955.25,2037
2037,LNG_S2_2037,20,Use,LNG,D2,103955.25,2037
2037,BEV_S2_2037,11,Use,Electricity,D3,102893.81818181818,2037
2037,Diesel_S2_2037,11,Use,B20,D3,102893.81818181818,2037
2037,LNG_S2_2037,11,Use,LNG,D3,102893.81818181818,2037
2037,BEV_S2_2037,2,Use,Electricity,D4,93366.5,2037
2037,Diesel_S2_2037,2,Use,B20,D4,93366.5,2037
2037,LNG_S2_2037,2,Use,LNG,D4,93366.5,2037
2037,BEV_S3_2037,1,Buy,Electricity,D1,0.0,2037
2037,BEV_S3_2037,43,Use,Electricity,D1,72763.25581395348,2037
2037,Diesel_S3_2037,1,Buy,Electricity,D1,0.0,2037
2037,Diesel_S3_2037,43,Use,B20,D1,72763.25581395348,2037
2037,LNG_S3_2037,1,Buy,Electricity,D1,0.0,2037
2037,LNG_S3_2037,43,Use,LNG,D1,72763.25581395348,2037
2037,BEV_S3_2037,45,Use,Electricity,D2,72777.57777777778,2037
2037,Diesel_S3_2037,45,Use,B20,D2,72777.57777777778,2037
2037,LNG_S3_2037,45,Use,LNG,D2,72777.57777777778,2037
2037,BEV_S3_2037,19,Use,Electricity,D3,72894.1052631579,2037
2037,Diesel_S3_2037,19,Use,B20,D3,72894.1052631579,2037
2037,LNG_S3_2037,19,Use,LNG,D3,72894.1052631579,2037
2037,BEV_S3_2037,5,Use,Electricity,D4,58571.2,2037
2037,Diesel_S3_2037,5,Use,B20,D4,58571.2,2037
2037,LNG_S3_2037,5,Use,LNG,D4,58571.2,2037
2037,BEV_S4_2037,1,Buy,Electricity,D1,0.0,2037
2037,BEV_S4_2037,1,Use,Electricity,D1,23254.0,2037
2037,Diesel_S4_2037,1,Buy,Electricity,D1,0.0,2037
2037,Diesel_S4_2037,1,Use,B20,D1,23254.0,2037
2037,LNG_S4_2037,1,Buy,Electricity,D1,0.0,2037
2037,LNG_S4_2037,1,Use,LNG,D1,23254.0,2037
2037,BEV_S4_2037,10,Use,Electricity,D2,114652.0,2037
2037,Diesel_S4_2037,10,Use,B20,D2,114652.0,2037
2037,LNG_S4_2037,10,Use,LNG,D2,114652.0,2037
2037,BEV_S4_2037,2,Use,Electricity,D3,78259.0,2037
2037,Diesel_S4_2037,2,Use,B20,D3,78259.0,2037
2037,LNG_S4_2037,2,Use,LNG,D3,78259.0,2037
2037,BEV_S4_2037,1,Use,Electricity,D4,2414.0,2037
2037,Diesel_S4_2037,1,Use,B20,D4,2414.0,2037
2037,LNG_S4_2037,1,Use,LNG,D4,2414.0,2037
2038,BEV_S1_2038,1,Buy,Electricity,D1,0.0,2038
2038,BEV_S1_2038,13,Use,Electricity,D1,96489.07692307692,2038
2038,Diesel_S1_2038,1,Buy,Electricity,D1,0.0,2038
2038,Diesel_S1_2038,13,Use,B20,D1,96489.07692307692,2038
2038,LNG_S1_2038,1,Buy,Electricity,D1,0.0,2038
2038,LNG_S1_2038,13,Use,LNG,D1,96489.07692307692,2038
2038,BEV_S1_2038,40,Use,Electricity,D2,99854.225,2038
2038,Diesel_S1_2038,40,Use,B20,D2,99854.225,2038
2038,LNG_S1_2038,40,Use,LNG,D2,99854.225,2038
2038,BEV_S1_2038,48,Use,Electricity,D3,100997.3125,2038
2038,Diesel_S1_2038,48,Use,B20,D3,100997.3125,2038
2038,LNG_S1_2038,48,Use,LNG,D3,100997.3125,2038
2038,BEV_S1_2038,7,Use,Electricity,D4,91745.14285714286,2038
2038,Diesel_S1_2038,7,Use,B20,D4,91745.14285714286,2038
2038,LNG_S1_2038,7,Use,LNG,D4,91745.14285714286,2038
2038,BEV_S2_2038,1,Buy,Electricity,D1,0.0,2038
2038,BEV_S2_2038,14,Use,Electricity,D1,100763.78571428571,2038
2038,Diesel_S2_2038,1,Buy,Electricity,D1,0.0,2038
2038,Diesel_S2_2038,14,Use,B20,D1,100763.78571428571,2038
2038,LNG_S2_2038,1,Buy,Electricity,D1,0.0,2038
2038,LNG_S2_2038,14,Use,LNG,D1,100763.78571428571,2038
2038,BEV_S2_2038,21,Use,Electricity,D2,102466.85714285714,2038
2038,Diesel_S2_2038,21,Use,B20,D2,102466.85714285714,2038
2038,LNG_S2_2038,21,Use,LNG,D2,102466.85714285714,2038
2038,BEV_S2_2038,12,Use,Electricity,D3,98994.83333333333,2038
2038,Diesel_S2_2038,12,Use,B20,D3,98994.83333333333,2038
2038,LNG_S2_2038,12,Use,LNG,D3,98994.83333333333,2038
2038,BEV_S2_2038,2,Use,Electricity,D4,95444.5,2038
2038,Diesel_S2_2038,2,Use,B20,D4,95444.5,2038
2038,LNG_S2_2038,2,Use,LNG,D4,95444.5,2038
2038,BEV_S3_2038,1,Buy,Electricity,D1,0.0,2038
2038,BEV_S3_2038,45,Use,Electricity,D1,71761.73333333334,2038
2038,Diesel_S3_2038,1,Buy,Electricity,D1,0.0,2038
2038,Diesel_S3_2038,45,Use,B20,D1,71761.73333333334,2038
2038,LNG_S3_2038,1,Buy,Electricity,D1,0.0,2038
2038,LNG_S3_2038,45,Use,LNG,D1,71761.73333333334,2038
2038,BEV_S3_2038,46,Use,Electricity,D2,71687.34782608696,2038
2038,Diesel_S3_2038,46,Use,B20,D2,71687.34782608696,2038
2038,LNG_S3_2038,46,Use,LNG,D2,71687.34782608696,2038
2038,BEV_S3_2038,20,Use,Electricity,D3,72427.5,2038
2038,Diesel_S3_2038,20,Use,B20,D3,72427.5,2038
2038,LNG_S3_2038,20,Use,LNG,D3,72427.5,2038
2038,BEV_S3_2038,5,Use,Electricity,D4,61382.0,2038
2038,Diesel_S3_2038,5,Use,B20,D4,61382.0,2038
2038,LNG_S3_2038,5,Use,LNG,D4,61382.0,2038
2038,BEV_S4_2038,1,Buy,Electricity,D1,0.0,2038
2038,BEV_S4_2038,1,Use,Electricity,D1,23437.0,2038
2038,Diesel_S4_2038,1,Buy,Electricity,D1,0.0,2038
2038,Diesel_S4_2038,1,Use,B20,D1,23437.0,2038
2038,LNG_S4_2038,1,Buy,Electricity,D1,0.0,2038
2038,LNG_S4_2038,1,Use,LNG,D1,23437.0,2038
2038,BEV_S4_2038,10,Use,Electricity,D2,114855.5,2038
2038,Diesel_S4_2038,10,Use,B20,D2,114855.5,2038
2038,LNG_S4_2038,10,Use,LNG,D2,114855.5,2038
2038,BEV_S4_2038,2,Use,Electricity,D3,80693.0,2038
2038,Diesel_S4_2038,2,Use,B20,D3,80693.0,2038
2038,LNG_S4_2038,2,Use,LNG,D3,80693.0,2038
2038,BEV_S4_2038,1,Use,Electricity,D4,2446.0,2038
2038,Diesel_S4_2038,1,Use,B20,D4,2446.0,2038
2038,LNG_S4_2038,1,Use,LNG,D4,2446.0,2038
